year,month,social_buzz,search_interest,influencer_posts,price_index,sustainability_score,trend_momentum,season_spring,season_summer,season_winter,category_denim,category_formal,category_luxury,category_streetwear,category_sustainable,category_vintage,region_EU,region_LATAM,region_NA
2021,11,-0.26224685853694674,58.62337876870896,5.975211447297768,84.45618158777215,0.6522219148830679,0.5377837069011182,False,False,False,False,False,False,False,False,True,False,False,False
2024,5,-0.2736150547046242,58.930802809682035,18.586671441906223,99.42540717269249,0.43186467649684274,-1.3073595861552483,True,False,False,False,False,True,False,False,False,False,False,False
2018,8,0.6849545566550082,47.60491875766278,9.12148480012484,116.14297105186115,0.5137545456001662,-0.5679684573180702,False,True,False,False,False,False,False,False,True,True,False,False
2024,2,-1.470215622097479,39.07078456191072,10.220464341045691,118.82079746515657,0.4977839356117295,0.6789134576286263,False,False,True,False,False,False,False,False,False,False,False,False
2019,3,-0.2795911535175272,62.8909413573563,14.74357972699395,107.01655278000975,0.804207137076488,2.4239185656551037,True,False,False,False,False,True,False,False,False,True,False,False
2021,1,0.1609421366160508,42.48019710922583,8.728065292591285,88.57770265616168,0.31155944687591164,0.8167371741503242,False,False,True,False,False,False,False,False,False,True,False,False
2019,6,0.6761373847768578,41.3600914664934,12.977546311826746,91.59966846844374,0.6435585186483641,0.45972070204276977,False,True,False,True,False,False,False,False,False,False,False,True
2017,3,0.6953771478606484,52.79323793537202,8.92849563083226,117.33477964403133,0.5398721462322534,-1.5392106175145166,True,False,False,False,False,False,False,False,False,False,False,False
2018,9,-0.1125699069679908,50.236455346276884,5.0436462560857995,79.96648064282967,0.30799173492522547,-0.1306110812312659,False,False,False,True,False,False,False,False,False,True,False,False
2021,6,0.2294564744446623,8.466901678034567,11.242804686410748,107.97151449730168,0.7538454402478538,1.9718379250836606,False,True,False,False,True,False,False,False,False,True,False,False
2023,8,0.3898067205385225,58.28901770531925,12.659738517345426,92.77294499863665,0.6330545405951433,-1.7484009322633238,False,True,False,False,False,False,True,False,False,False,False,False
2019,9,0.20336452469571042,65.47119594411058,11.986855504057278,91.76568866959695,0.5865576975259446,-0.8406610322876337,False,False,False,True,False,False,False,False,False,False,False,False
2025,6,-2.6669174780328975,59.37812389399856,14.775595828866559,87.1933336860527,0.22216633097149047,-0.09924241072697185,False,True,False,False,False,False,False,False,True,False,False,True
2025,5,-0.24761303312442595,56.10241782243763,14.84503507259585,101.31654756307984,0.30413443163591747,-1.377006297738727,True,False,False,False,False,False,False,True,False,False,False,False
2020,4,0.47367189081680144,28.085350889672892,16.13026274527089,105.05934177704724,0.4881384125893929,0.8337195915198831,True,False,False,False,False,False,False,True,False,True,False,False
2024,2,1.7707977217275628,49.36779779430964,17.762543995867507,111.24932844073852,0.5133657465537141,-0.48714297656389544,False,False,True,False,True,False,False,False,False,False,False,False
2022,7,-1.2122100237467663,34.505311614522036,14.027238836629985,112.72680576881488,0.18527827168274713,0.05449557715464238,False,True,False,False,False,False,False,False,True,False,False,True
2024,3,0.2086419064870071,22.33254509283449,12.879701298436887,95.81784641537745,0.6125530310450035,-1.0674231909764418,True,False,False,False,True,False,False,False,False,False,False,True
2019,7,-0.3461620686346983,65.38530026350197,7.936093057232124,104.70578341850347,0.6645276804577017,0.5865841159758453,False,True,False,False,False,False,False,True,False,False,False,True
2017,12,0.21881937104680035,49.937318098810124,10.686374253791554,102.53571521187764,0.6249139621612431,0.8725686809157047,False,False,True,False,False,False,False,False,False,True,False,False
2021,2,-0.031584749213130925,54.47614402446433,13.664450658031637,97.22585098773274,0.5417239269329173,-0.9419796597530112,False,False,True,False,False,False,True,False,False,False,False,True
2023,12,-0.979378004189292,8.74777261992277,9.332498277523767,108.73589281197273,0.4101166332649666,0.14383739415156346,False,False,True,False,False,True,False,False,False,False,False,True
2025,9,-0.4183850696159234,38.17463043690097,11.590700793242108,100.87203191663676,0.15739195334848916,-0.8241933387090763,False,False,False,False,True,False,False,False,False,False,False,False
2022,5,1.1171058114560313,52.00902115637985,13.868100588224337,116.79863607809946,0.47361342441742194,0.47573549968692735,True,False,False,False,False,False,False,True,False,False,False,True
2025,12,-2.1556068785835505,87.20234486727657,10.650321506083,101.76130379383153,0.7588809348178092,1.7356236356474142,False,False,True,False,False,False,False,False,False,False,False,True
2025,6,1.8112676815591198,30.018238558852065,7.572137082668817,94.35371531431423,0.5163241276449454,-0.8715136696348803,False,True,False,False,False,False,True,False,False,False,False,True
2025,4,-0.3864728727169088,56.903370098094335,12.602971860668076,94.65693480169926,0.7597020137082717,0.31911691264681086,True,False,False,False,True,False,False,False,False,False,False,True
2017,12,-0.053342962246727924,64.5524221010897,14.926115920845087,92.36397950990849,0.3204968140802614,-0.7693819076064597,False,False,True,False,False,False,False,False,True,False,False,False
2020,7,1.13138676195831,33.720829105070976,12.229944071213092,100.64159373175777,0.5500111968298655,-0.06424481845343902,False,True,False,False,False,False,False,False,True,False,False,True
2022,10,-0.31009530858943096,68.16987792140208,11.179521750439442,88.77852852883551,0.7259374901289409,1.5225953858547296,False,False,False,False,False,False,True,False,False,False,False,False
2021,7,1.4860388935151474,43.68732730992089,3.611212414914858,99.74959734598562,0.7036887233271726,-0.995600052234834,False,True,False,False,False,False,False,True,False,True,False,False
2017,3,1.8722346756364532,51.8624784820007,16.6838502909742,112.88955148348977,0.5794294502952008,0.6161901292127211,True,False,False,False,True,False,False,False,False,False,False,True
2017,5,-1.396872909282786,43.37632796978006,7.81822039826008,102.11661795704399,0.7115889499761875,-0.5335150599859272,True,False,False,False,False,True,False,False,False,False,True,False
2020,8,1.6219241279552312,53.36510683164163,12.065682966647422,93.98032316677616,0.3412175612000441,2.3086545167267882,False,True,False,False,False,False,True,False,False,False,False,True
2022,12,-1.399405718282421,75.60286886250995,7.659401231460311,88.36157733121402,0.819102924502727,0.4057987538214289,False,False,True,False,False,False,False,True,False,True,False,False
2025,6,0.7428273399555535,41.24294866615823,11.60974311178766,104.978620047844,0.5302530582948056,1.352400051381753,False,True,False,False,False,False,True,False,False,False,False,True
2022,9,0.022480296153736364,40.915403725125,4.925074036306579,98.77998379027946,0.9598786502340946,-1.3063132338003884,False,False,False,False,True,False,False,False,False,False,False,True
2019,12,-1.8104457043583122,55.78727701807967,9.104086929499285,103.12421199173612,0.397119310812714,-1.758971956244352,False,False,True,False,False,False,True,False,False,False,False,True
2021,12,-0.06300501583677695,52.910261742409865,5.682328046676275,110.8438351969084,0.6275380742704408,-0.831067664648249,False,False,True,False,False,False,True,False,False,False,False,False
2022,4,-0.5520262681594221,66.35860381060772,7.576038483630636,100.60028209793207,0.5199939291165051,0.4605510946343112,True,False,False,False,True,False,False,False,False,True,False,False
2021,5,0.38762577151474775,50.28237644871571,13.749486086702847,88.61279916286391,0.7231997031043524,0.3988543514128821,True,False,False,False,False,False,False,False,False,False,False,True
2021,3,0.14623705696550768,47.51135217348381,6.787856820211756,103.66317903692435,0.8660933779867734,1.4992207445612984,True,False,False,False,False,False,True,False,False,True,False,False
2023,1,0.24872226031901956,45.94158197730085,5.007387217448065,99.76282408862902,0.548898283489266,0.0945569100143128,False,False,True,False,False,True,False,False,False,False,False,True
2022,12,0.17723014526811154,53.14523951463421,11.348676147692943,105.96932186794326,0.822795329490118,1.2131249279356775,False,False,True,False,False,False,False,False,False,False,False,True
2020,11,1.3298732484184317,32.83099643319774,11.93018402425183,100.53603473440386,0.49529761571415687,-0.10879966192537474,False,False,False,False,False,False,False,False,True,False,False,True
2024,7,0.07579154996435276,73.16087072000786,13.260119109439673,103.34749542327305,0.5481237166159189,-0.8558899223922698,False,True,False,True,False,False,False,False,False,False,True,False
2020,9,0.3374931388188395,57.98601959356786,9.368787475177244,91.8918270072506,0.5087479039487796,1.2396324781502501,False,False,False,False,False,True,False,False,False,False,True,False
2021,5,1.1526828774815703,83.56922952480518,17.967307190421785,93.38032115549264,0.6975257426870887,-0.7941456625874695,True,False,False,False,False,False,False,False,False,False,False,True
2020,7,-4.389114584864837,45.03700397293337,6.935903726131189,93.90811336736861,0.5231852246876095,-0.7341009002301818,False,True,False,False,False,False,False,True,False,False,False,False
2018,7,0.8973614590200242,70.7906648057912,9.64864420135727,111.28895756130905,0.45455517776146265,-0.22493437716977951,False,True,False,False,False,False,True,False,False,False,False,True
2018,7,1.813736070314719,66.51286960071934,9.023341151857311,104.82400157290311,0.7275228909432268,-0.08516918775752377,False,True,False,False,False,False,False,True,False,False,False,False
2022,2,-0.6671505137683704,55.071588822594954,14.545066267973251,105.20108556464227,0.39136671081287866,2.132058985715884,False,False,True,False,False,False,True,False,False,False,False,False
2024,5,-0.7610339036267858,66.99969904337314,15.52244243550268,99.25479363277032,0.32907896239492845,0.3446744203613738,True,False,False,False,False,False,True,False,False,False,False,False
2017,11,0.9010788402376559,79.00721598118511,9.729439500269722,103.61606237693506,0.2820108589578946,1.26792350634002,False,False,False,False,False,False,False,True,False,False,False,True
2017,2,0.14587197828259946,47.56774368537077,8.351903921898082,89.57728869529956,0.45597993863907316,0.7075293079967273,False,False,True,False,False,False,False,True,False,False,False,True
2024,3,0.4144233294786382,80.2310954567416,14.031312125095878,106.05498864907567,0.5986300699042638,-1.2777424256543939,True,False,False,False,False,False,False,True,False,True,False,False
2025,8,-0.0849898009367489,28.33280988270664,12.097324556782157,90.5045354343934,0.7539743761915403,-0.9585636252205919,False,True,False,False,False,False,False,False,True,True,False,False
2025,11,1.3152366287442812,53.46159192432916,13.912900680828466,88.23635580494738,0.8292814420761421,1.5436493173836279,False,False,False,False,False,False,False,True,False,False,False,False
2020,10,-0.733118331282596,50.13817538948134,11.838549326800518,97.98089657835226,0.7850571087178486,0.8811605101631488,False,False,False,False,False,False,False,False,True,False,False,True
2020,5,1.0072990673581124,53.22656351632195,13.062580355833187,81.35619234762001,0.3551649960741793,-0.6700906926250441,True,False,False,False,False,False,False,False,False,True,False,False
2025,8,-0.09089614008213873,72.07509951006317,9.694624083611657,97.7501981426241,0.3920222197157408,0.320278190699021,False,True,False,False,False,False,False,False,False,False,False,False
2022,3,-1.3234254267632044,58.062947422909154,10.948346481677234,104.04744902117842,0.5581194402184114,0.9810280981395949,True,False,False,False,False,False,True,False,False,False,False,False
2020,6,-0.43345532977786516,22.682816226687354,8.636381810145583,96.84705352160661,0.4774174233097956,1.126931916660077,False,True,False,False,False,False,True,False,False,True,False,False
2017,7,-0.5434503273034238,56.313185295085546,17.68719080265485,108.2305422334196,0.3377363645267619,1.4056916228062777,False,True,False,True,False,False,False,False,False,True,False,False
2024,12,1.1445933388273806,17.41702790216617,13.102348763188255,99.12569671923134,0.5344790343201606,0.7700219908959701,False,False,True,False,False,False,True,False,False,False,False,False
2024,3,0.6212516108950558,68.22025773339398,13.855050247731997,88.00345435190354,0.5246078451763867,-0.42735477156733853,True,False,False,False,True,False,False,False,False,True,False,False
2020,9,-0.2484232079710333,30.57440484752901,7.739854712482959,96.63642850074034,0.5361996149882293,-0.3272879113805561,False,False,False,False,False,False,False,True,False,True,False,False
2023,7,1.44771298327407,61.527256060108975,15.574740332888577,102.92813536614865,0.4038661391890182,-1.2350089868939376,False,True,False,False,False,False,False,True,False,False,False,True
2022,10,1.966868642912667,41.9991821708454,8.967007164182341,114.85683535250595,0.5311033220483333,1.3576491329094167,False,False,False,False,False,False,False,True,False,False,False,False
2023,3,0.7611505498063198,37.25538447296173,17.781843421104725,99.06842954165069,0.1448657928673323,-1.3335486135636627,True,False,False,False,False,False,True,False,False,False,False,True
2023,4,0.973740293431332,57.78754157639662,10.768968666660236,109.34791144662775,0.4042365395504823,0.5310427995074826,True,False,False,False,False,False,True,False,False,False,False,True
2017,4,1.9143254086037818,66.58988412691942,9.091380686242026,101.86456234981397,0.8830750362504604,-0.7880996460025648,True,False,False,False,False,False,False,False,True,True,False,False
2024,1,-0.059854397695851456,22.034402033669213,13.564195432924848,93.19325699237561,0.31294523863357515,-0.14404050672466737,False,False,True,False,False,False,False,False,True,False,False,True
2019,2,-0.39779540582557266,80.65935456818914,10.012338730668471,116.17914254997663,0.48539759110822756,1.6450252236564493,False,False,True,True,False,False,False,False,False,False,False,True
2019,3,1.3749077114679673,54.94993030998439,17.09835848941595,113.79798696859787,0.6033827403953149,-1.2995970521782207,True,False,False,False,False,False,False,False,False,False,False,True
2023,10,0.1646876198197184,46.84916340502701,12.638662245500313,95.68729844662546,0.0322767272517831,-2.1455184718620557,False,False,False,False,False,True,False,False,False,False,False,True
2022,8,1.498420275650323,47.15384443990402,7.1046517233932995,98.31833694944102,0.22408591150677792,-1.4541194953032948,False,True,False,False,False,False,False,False,True,False,False,True
2021,6,-0.17160059837507027,52.097511425224724,5.546369343833522,94.50811086810732,0.8281097268418725,0.014633305665380455,False,True,False,False,True,False,False,False,False,True,False,False
2021,1,-0.07920404098801156,59.51093534118548,12.551840876250358,101.83702955077958,0.5769393643301578,1.3688815309003928,False,False,True,False,False,False,False,True,False,False,False,True
2021,10,0.8496702524484937,41.39089754450875,15.833853583000657,106.5217124559007,0.552959917029045,-1.0152870625376953,False,False,False,True,False,False,False,False,False,False,False,True
2021,9,-0.26477177090473386,59.08898761470195,12.327388713252038,92.34522421101612,0.4040409305589111,-2.9530954287447893,False,False,False,False,False,False,True,False,False,False,False,False
2019,5,-0.3538300375674132,31.872878061436506,12.006223468675298,97.31989880594945,0.26912266838480214,1.9947695091303101,True,False,False,False,False,True,False,False,False,True,False,False
2021,3,-0.08557267978862526,42.186476575051486,9.90768874302964,104.88635820709463,0.43136725781592944,0.5517840822874117,True,False,False,False,False,False,True,False,False,True,False,False
2020,12,-0.03670719561899534,21.741875570942554,10.70171642493115,105.24603965454472,0.6369964880378506,-0.28780229194835394,False,False,True,False,False,False,True,False,False,True,False,False
2017,9,1.148495298580351,60.05332185487387,15.610014967312551,105.0256751714116,0.6597435777011131,1.1849839904909205,False,False,False,True,False,False,False,False,False,True,False,False
2017,2,-1.7817324991011003,30.465178923499515,14.572238604435839,90.47725601355332,0.6725984054500439,1.109187575735034,False,False,True,False,True,False,False,False,False,False,False,True
2024,8,-0.49302425538241845,52.4582115361406,16.972443134526475,105.04951355265348,0.7485538000220351,1.3262197622576775,False,True,False,False,False,False,False,True,False,False,False,True
2024,3,-0.9453826793598152,43.41725990080075,17.469915119408235,97.05546284188952,0.5046438486007349,-2.1291789717047367,True,False,False,False,True,False,False,False,False,True,False,False
2019,5,-1.5112226864959049,34.456080678968476,21.92980073815047,110.30138268340635,0.8395849895152343,0.31755901349310944,True,False,False,False,False,False,False,False,False,False,False,True
2020,3,0.6323153404675466,45.032294089217764,10.22307067253233,113.95792388782826,0.5990894701486895,-0.630096707424706,True,False,False,False,False,False,True,False,False,True,False,False
2020,3,1.1368686334505633,50.50415430367366,16.025958158264917,94.75106455965529,0.5142435547917247,-0.9638189322675995,True,False,False,False,False,False,True,False,False,False,True,False
2020,10,-0.07619893871980389,50.62049245521309,18.657802338569464,109.78218789985851,0.5992838436781069,-0.9847612766712409,False,False,False,False,False,False,True,False,False,False,False,True
2025,2,0.4267689222175041,49.801646362271626,16.486744929091568,89.72533004698252,0.5101297324500079,1.4866200392743552,False,False,True,False,False,False,False,False,True,False,False,False
2020,5,0.29005009166375534,41.55826392977434,12.834341770463325,97.93720558343867,0.23555005566816395,1.7105759089922536,True,False,False,False,False,False,False,False,True,False,False,False
2021,9,0.1325697098956523,31.550832676126646,10.159005304375748,102.6025887384169,0.7080686090244107,0.4084283126590545,False,False,False,False,True,False,False,False,False,True,False,False
2024,1,-0.17835143451090235,58.653279658979756,8.513509467795478,99.45597635080867,0.31301754910446866,-0.47728276587010215,False,False,True,False,False,False,True,False,False,False,False,True
2023,4,-0.47441459536584457,42.35713692090853,17.595399675589608,92.35628594596658,0.3997519625768633,-0.7586657293387521,True,False,False,False,False,True,False,False,False,False,False,True
2022,11,-1.1143896530507154,72.82339114253303,10.847837407100002,92.60475362510574,0.5187759944648114,-1.5871938013873703,False,False,False,False,False,False,False,False,False,False,False,False
2024,12,-1.0369939046587182,40.679048424139495,14.018605846640947,103.5108143167648,0.5713695559959487,1.468427763679853,False,False,True,False,False,False,False,True,False,False,False,True
2018,10,0.011424515361312802,52.088448824894016,2.891012511408709,95.59780135180623,0.5796911054939173,0.28519795249377733,False,False,False,False,False,False,False,True,False,True,False,False
2024,12,-1.2319472220842016,56.87353215928792,11.941176933699404,92.29449689968,0.43105133636392406,-1.6085419264167173,False,False,True,False,False,False,False,False,False,True,False,False
2019,10,0.38749584781446095,48.958604497716735,14.623996723637907,91.85955664785209,0.4121339360703822,-0.3382457837825317,False,False,False,True,False,False,False,False,False,False,False,False
2022,4,0.8067798305481017,41.900912321108905,9.525948306118062,90.67225823296084,0.7605280258627654,0.6095856814126602,True,False,False,False,False,False,False,False,False,False,False,True
2022,7,-0.03002344780847147,64.1742728775382,16.376224465725844,87.55321050542238,0.4360245645229153,-0.405059694689822,False,True,False,False,False,False,False,True,False,False,False,True
2017,4,-1.054842334318573,43.49249538637436,10.974573887731102,86.56488681567191,0.4494114570760599,-0.7354468177922702,True,False,False,False,False,False,True,False,False,False,False,False
2021,4,-0.3659042451374545,21.846260358188985,10.92648380028573,97.70249968982053,0.8275007524256549,0.13671163729453326,True,False,False,False,False,False,False,False,True,False,False,False
2025,5,0.8923733745114522,41.63041987180711,3.5615563573116775,88.37190017180403,0.6715774848298197,-0.213093385083063,True,False,False,False,True,False,False,False,False,False,False,False
2025,8,-0.20021280962249907,55.809140843968194,10.17344274706306,92.95496668198462,0.7769291109362402,-0.9640399246508281,False,True,False,False,False,False,False,False,False,False,False,True
2022,2,1.5790031115898886,80.71109845789907,17.13076761003947,104.42532118076724,0.7630083792465194,-0.6952093666633166,False,False,True,False,False,False,False,True,False,True,False,False
2021,2,0.7480022627358979,64.65474096017947,8.761381937033324,93.23872282176143,0.3685670160285005,-1.2173925901246845,False,False,True,True,False,False,False,False,False,False,False,True
2020,11,2.4112440396396844,56.208626161085995,13.450820813866471,96.92067850203291,0.26980309823698884,0.8667729543670075,False,False,False,False,False,False,False,False,True,True,False,False
2017,3,0.08901225367902267,60.097424075622015,6.798118395004434,99.0639875882243,0.846727639926989,-0.4308181540440489,True,False,False,True,False,False,False,False,False,False,False,False
2017,2,0.1034571648936973,60.369231483843734,10.819508829020823,104.86391022537288,0.41055485684532367,-1.1333421031098903,False,False,True,False,False,True,False,False,False,True,False,False
2020,9,0.07292489171713287,47.7248506536007,12.036903203110889,84.48782311324,0.5446427284701217,0.18516293973401493,False,False,False,False,False,False,True,False,False,False,False,True
2022,7,-0.032391276781437675,47.32698585705465,14.309006498255545,99.55745147171803,0.530246872452874,-0.008720675213032339,False,True,False,False,False,False,True,False,False,False,True,False
2022,5,0.662145281490603,60.867131752478194,14.81128544326503,102.86394605671984,0.2896690172748214,1.4332175871290809,True,False,False,False,False,False,False,False,False,True,False,False
2021,8,0.7444087336977152,38.70581302350139,10.695843508165686,103.63423563083614,0.7724943834989992,0.8686680157067189,False,True,False,False,False,False,False,True,False,True,False,False
2024,1,0.8445708597164794,52.767628305841704,9.959186487822379,100.77047265285837,0.8008613600421308,-1.3279176906145855,False,False,True,True,False,False,False,False,False,True,False,False
2021,2,-0.12159859034654243,68.77191063770937,19.067634867523704,99.49142394115876,0.5289911463995807,-1.3384452777496652,False,False,True,False,False,False,False,True,False,False,False,True
2017,9,-1.2949669784744322,54.404889367275636,14.617769952075134,108.57619741280887,0.4054150448119331,0.48797285611316915,False,False,False,False,False,False,False,False,True,True,False,False
2020,7,0.3621249759426975,50.91464813650497,13.066856108694951,102.66177686585576,0.20778244749527103,-0.6397149071870721,False,True,False,True,False,False,False,False,False,False,False,False
2021,9,-0.20742823669681038,47.101804688627105,8.05092373854568,110.0747078096959,0.676237164077031,-0.639742943448223,False,False,False,True,False,False,False,False,False,False,False,False
2024,1,0.8130357368876219,49.65581945559219,14.31546344430534,99.03210601928733,0.19059328943134718,-0.3256689567781744,False,False,True,False,False,False,False,False,True,True,False,False
2018,9,1.6247850398997947,41.544122736533055,16.848462971901178,99.69024554818348,0.6638157643765036,-0.8618147129764268,False,False,False,False,False,True,False,False,False,False,True,False
2017,11,-0.1812234387919082,62.759203843536916,12.794193657368059,83.71418004537169,0.6507463510546605,1.022062493065567,False,False,False,False,False,False,False,False,True,False,False,True
2025,10,1.5160251245495246,41.91539737581359,13.914636749825261,81.7653462019289,0.6269433536470361,-0.719667077020741,False,False,False,False,False,True,False,False,False,False,False,True
2017,3,0.46155391796127865,63.10361303729546,7.762475550265181,91.68763836456759,0.8823738060810609,-1.005033731864265,True,False,False,False,True,False,False,False,False,True,False,False
2018,7,0.3495579486320601,82.81890495304066,14.816732896086194,109.10898866277064,0.5884804777371728,-0.25136046221523034,False,True,False,False,True,False,False,False,False,False,False,True
2025,3,-2.3499712152446164,17.205601315596027,20.155509559113483,101.80434495016416,0.3352528435158221,0.9939400434555947,True,False,False,False,False,False,False,False,False,False,False,True
2025,1,-0.6284376011821333,48.68475616313139,11.011393182338578,108.69366097652394,0.2683206054186867,0.4906354877829783,False,False,True,False,False,False,False,True,False,False,False,True
2025,11,1.0091119062550553,4.974082371659925,7.746053655242401,103.25689654832486,0.3106679595774342,0.0384080843685186,False,False,False,False,False,False,False,True,False,True,False,False
2024,12,0.28520592636575753,73.48655713181621,6.87221020045425,97.68753249406745,0.3137922824497371,-1.8860080994642394,False,False,True,True,False,False,False,False,False,False,True,False
2019,8,0.9038256886095176,54.116533540913146,11.20054139807851,108.93213829000378,0.6906463677086268,0.8749100602756985,False,True,False,False,False,False,False,False,False,False,False,False
2019,10,-3.4087120764716907,55.86970400641019,7.745035993740466,107.28315775854473,0.38447685462118564,0.1396500464804931,False,False,False,False,False,False,True,False,False,False,True,False
2020,3,-0.14397210922113055,53.692704234881525,7.480966285673876,105.45380981517336,0.7908416293978147,1.0118492412629496,True,False,False,False,True,False,False,False,False,False,False,True
2024,9,0.9653421122427754,54.627700469199354,16.911696174562813,107.40919138756854,0.4593753629387627,-0.3428677067016797,False,False,False,False,False,False,False,False,False,True,False,False
2018,9,-0.4901961134780198,45.62011607859984,13.849302752766345,92.44593639959288,0.3760791157131778,0.4728447798590435,False,False,False,False,True,False,False,False,False,False,False,True
2023,12,-2.0605289471243124,43.79576221473939,11.069966402278915,104.38910457466886,0.08431547843874854,0.6550668617746184,False,False,True,True,False,False,False,False,False,True,False,False
2021,1,-2.607365529068484,61.46144059027565,14.45191056203482,109.1399862634088,0.5662319787723326,2.4622187450424615,False,False,True,True,False,False,False,False,False,False,False,True
2019,3,-1.5051279426706532,33.95174129628114,14.69182249746428,98.90815814591642,0.4669673407471442,-1.4064802420048998,True,False,False,True,False,False,False,False,False,False,True,False
2022,6,1.4520881320393144,42.83061631148651,11.518166576544926,102.34962228460432,0.4517976448815453,0.5471149352947167,False,True,False,False,False,False,False,True,False,False,False,True
2019,10,2.138174470485208,51.36389012717715,14.815194110843269,112.95349961857909,0.58462725245266,-1.0766014982535788,False,False,False,True,False,False,False,False,False,True,False,False
2022,6,-0.4510012294467944,42.28416470266931,13.688608346409593,95.46084659397756,0.6539914985288829,1.3190344661661122,False,True,False,False,False,False,False,False,True,False,True,False
2018,7,-0.636569327379835,26.875079831260617,13.456102994050486,98.05991530769248,0.5514754607757678,2.637367541069991,False,True,False,True,False,False,False,False,False,False,False,True
2022,5,-0.20435943653628302,54.762772677543474,8.932272634652273,96.90752306499203,0.47539045177065536,-0.8522276007105466,True,False,False,False,False,True,False,False,False,False,True,False
2025,2,-1.4607253059719505,61.50687248026336,7.601963817203282,113.16948807290058,0.4976976755112475,-2.4119078277253156,False,False,True,False,False,False,True,False,False,True,False,False
2017,11,1.7111015603628703,73.68189109774794,7.082578807384843,97.88083156877376,0.6435317675683558,-0.45204189636327474,False,False,False,True,False,False,False,False,False,False,False,True
2025,10,1.341115611681286,43.390457684204044,6.473209873466033,89.11372723717851,0.7339215646282629,-0.6610775318194285,False,False,False,False,True,False,False,False,False,True,False,False
2019,7,-0.23971377853080178,43.84925573954242,12.774867107312637,104.19129574999731,0.5830496495902622,-1.3936257681498054,False,True,False,True,False,False,False,False,False,False,False,True
2022,3,0.02407740648391172,57.459310520009964,13.944425008439978,94.60121895870735,0.6628003428885911,1.3782779158359368,True,False,False,False,False,True,False,False,False,True,False,False
2018,3,-0.0010132325366156636,50.747000517829065,14.580261345093147,98.73917606086304,0.19412948453452766,0.9921043229151046,True,False,False,False,False,False,True,False,False,False,False,False
2023,9,0.8369227856241259,44.72053356763237,16.86186651232323,96.69459373488236,0.3656172402531763,-0.43512524610368397,False,False,False,False,False,False,False,False,False,False,True,False
2017,3,-0.2583203572711174,62.572836581380514,8.675928387344761,96.31300573936215,0.4129378221362727,1.2295697376796937,True,False,False,True,False,False,False,False,False,True,False,False
2024,2,-0.8406237071641448,47.02430086102106,11.26956795565221,102.77853222502014,0.6426601393318626,0.4172544718659806,False,False,True,False,False,False,False,False,False,False,False,True
2022,9,1.6519918374433393,53.99334476951843,13.64190284112889,107.21747142364337,0.3828911373043593,0.0739513036788835,False,False,False,False,False,False,False,False,False,False,False,True
2022,11,-0.27624838521399475,49.313569025852914,11.127614184827497,90.47582746122897,0.4418023342668089,0.4947297644723308,False,False,False,False,False,False,True,False,False,False,False,True
2024,6,-0.15802122874684088,48.427139183254496,9.271860814993092,87.76369424952183,0.6486239946692415,-0.9860560747762581,False,True,False,False,False,False,False,False,False,False,True,False
2022,12,-0.43779549837186593,36.976532389779294,7.216369234933311,80.90557354525188,0.8073331649169821,1.1812258363871515,False,False,True,False,False,False,False,True,False,True,False,False
2017,10,-2.771955630625928,71.6671294905964,6.948143125721181,108.1139325658834,0.6500867394423546,0.5856219858989308,False,False,False,False,False,True,False,False,False,False,False,True
2022,4,-0.5631000774803041,43.878368574832066,12.000304004944292,109.69928344851552,0.9254488894197768,1.2951557698269225,True,False,False,True,False,False,False,False,False,True,False,False
2022,8,0.40236534841982236,37.15827219454093,11.949073218920155,88.62511057860091,0.38469920540661173,-0.17799428088000593,False,True,False,False,False,False,False,False,True,False,False,False
2025,10,-0.20523217193736742,62.95697021618657,9.386790968723291,92.62733101063765,0.6364446749350459,-0.46134882729133975,False,False,False,False,False,True,False,False,False,False,True,False
2019,10,0.016505176200309918,68.73578251979251,8.783246312091705,104.71464649198376,0.29120665532359413,-0.7838033932533778,False,False,False,False,False,False,True,False,False,False,True,False
2023,6,-0.6576861087924688,38.64028031789267,11.138749299630415,105.29807900616322,0.661547290384787,0.6779680123724077,False,True,False,False,False,False,False,False,False,False,False,True
2018,9,1.7727899230910438,50.44586992743533,1.88626294950579,104.55689126099773,0.4691872196558417,1.2334481539361506,False,False,False,False,False,True,False,False,False,True,False,False
2023,7,0.30374250245132806,47.139201832878456,11.71959162260949,102.53563195124666,0.41377765546542233,0.16984381232799758,False,True,False,False,False,False,False,False,False,False,False,False
2024,11,1.6154302731785954,28.277487180460145,12.27992296267394,102.17322722394209,0.7335727655068116,-0.14729338595109662,False,False,False,False,True,False,False,False,False,False,False,True
2022,10,-0.2893349882529842,64.76962232499893,15.18253441132826,100.55506964910226,0.7100553212280223,-0.7951637696651995,False,False,False,False,False,False,False,True,False,False,False,False
2025,11,1.1508397491520586,51.6707759199662,13.170534130486825,103.84998896047263,0.43790021980807636,-3.3770974934763096,False,False,False,False,False,True,False,False,False,False,False,True
2020,9,0.03644372582630957,33.97126890976446,6.2944953874368474,110.6207104395973,0.7824946624359861,0.5732027808186728,False,False,False,False,False,False,False,False,True,True,False,False
2024,3,0.2238927070680576,41.34279233667718,18.753067748288984,87.58122523712623,0.6140414280239994,0.3141291221325301,True,False,False,False,False,True,False,False,False,True,False,False
2021,3,-1.1546019132717495,32.06182057592696,8.24092471929179,104.09066379231098,0.317506624476268,0.835268079629934,True,False,False,False,False,False,True,False,False,False,True,False
2017,3,-1.0260820009313156,46.759730670359936,7.695166151207262,101.09540068017606,0.6869424633509633,-0.09980963319362054,True,False,False,False,False,False,False,False,True,True,False,False
2021,10,0.14330116864769596,31.43305670806356,9.342978346859056,86.36584902373362,0.5390477111130326,1.4670921431418145,False,False,False,False,False,False,False,False,True,True,False,False
2025,12,-0.798145704786435,58.310972546688056,16.47655751219313,105.05384061954753,0.8061524785523285,1.2218050071407864,False,False,True,False,False,False,True,False,False,False,False,True
2023,4,-1.0849613034565766,57.33671504364575,11.138525484798915,109.85615762860832,0.4493019115668329,2.0310626272890295,True,False,False,False,False,True,False,False,False,True,False,False
2025,2,-0.05966848056052859,22.471518853324515,9.549135301333234,107.60216310668993,0.81383012902477,-0.4785752577468287,False,False,True,False,False,True,False,False,False,False,False,True
2019,6,-1.6188652932801901,65.23493425078495,15.888824612954076,97.24419797854043,0.28648996223769435,1.8036658074765983,False,True,False,True,False,False,False,False,False,False,True,False
2018,4,0.4105516350582958,42.305883275153285,14.649968707308386,110.07670889945909,0.19313577354379124,-0.10720649630930866,True,False,False,False,False,False,False,False,True,True,False,False
2020,4,0.13542598524553,45.47130178374626,8.4807526711069,92.62503956509265,0.41226280781165736,-0.24512443614896287,True,False,False,False,False,False,False,True,False,False,False,True
2018,5,2.2726589908933312,49.79368430586154,13.862998309551484,109.35906891660359,0.8024862321518498,1.4252334072981876,True,False,False,False,False,True,False,False,False,False,True,False
2024,1,-0.9120785101897938,35.412007501393795,14.800357071588746,103.02697470479806,0.26145401081671693,-0.6810771326794941,False,False,True,False,False,False,False,False,False,True,False,False
2020,4,0.8680664988511725,62.757308048028634,9.512087518796516,111.52869784303464,0.5809918988606625,-0.03968143828660047,True,False,False,True,False,False,False,False,False,False,False,True
2018,1,-0.553765153836162,49.029498776757144,11.617023642501623,90.0565918127341,0.8824708419413702,-0.886835469363095,False,False,True,False,False,False,False,False,False,False,False,True
2017,9,-0.5481591248437031,45.09961117119575,12.762846634084097,109.72470080415364,0.19795135133502362,-0.047038659255799566,False,False,False,False,False,False,False,True,False,False,False,True
2022,6,-1.5655272274684384,52.23996539153574,13.254331122570067,109.68280345994356,0.5754485030006073,0.364755295191631,False,True,False,True,False,False,False,False,False,True,False,False
2022,8,-0.4292913705475386,52.05855693451437,13.501893251367136,101.98239646282386,0.4088016082585429,-0.07747721454355075,False,True,False,False,False,False,False,False,False,False,False,True
2019,5,-1.4546381225299396,60.57550996115004,12.242687430921327,103.96491068175396,0.5785430337661717,-0.2700928477579016,True,False,False,False,False,False,False,False,False,False,False,True
2020,9,-0.09096489479132862,58.303107574566425,7.0066159104512025,107.4293527948836,0.6461130073269352,0.3395293962248911,False,False,False,False,False,False,False,True,False,False,False,True
2022,7,1.7143803203566024,48.64984611614571,4.316694571704437,111.29778423045194,0.3493376970936177,0.3614754480885518,False,True,False,False,False,False,False,True,False,False,False,True
2020,8,1.9748910853573585,57.54976046081281,11.172118930446606,111.1412851878045,0.6047182013067711,1.3348948234548708,False,True,False,False,True,False,False,False,False,False,False,True
2021,10,-1.1602871459598532,40.514444203762665,14.373106021077795,88.50412519866462,0.43097659865951976,-0.3451965488596724,False,False,False,True,False,False,False,False,False,False,False,False
2023,10,0.346680748743709,81.04056727443333,13.593382942985356,80.19030720222895,0.47605219191824594,0.2214809143448012,False,False,False,False,False,False,True,False,False,False,True,False
2018,6,-0.9661853720724374,67.57286763777165,9.166759266951772,93.55454849393976,0.7837302981149695,1.346663270971097,False,True,False,False,False,False,True,False,False,False,False,False
2025,7,0.19528209848970435,72.34583378315558,13.808576924529593,110.70543333486712,0.24703688565167076,-0.15510053930068352,False,True,False,False,False,False,False,True,False,False,False,False
2025,5,-0.3474311704861944,42.616747202365886,12.331795383039813,90.6431773202516,0.4877166369350725,-1.1241002812766319,True,False,False,False,False,False,False,False,True,False,False,True
2019,11,0.5223275428545973,32.15745853492321,14.922623465839422,103.64702414364876,0.907588552904423,-0.9928320278055999,False,False,False,False,False,False,False,True,False,False,False,True
2022,8,2.489254169023358,43.90431177894396,12.031556246262312,110.32605968862781,0.6006401867407436,0.6266443535564412,False,True,False,False,False,True,False,False,False,False,False,False
2024,6,0.1971032508712023,48.53811311729834,5.7827156519097,103.95420535426462,0.6777673521870273,-0.8581978180808985,False,True,False,False,False,False,True,False,False,False,True,False
2019,3,0.026793443119438404,32.27367316693067,9.230902495914968,103.73821014804118,0.6250915148073805,2.0044816868750948,True,False,False,False,False,False,False,True,False,False,False,False
2019,11,0.7581562617745978,54.71892503046716,18.26104379313184,108.73778592454447,0.6796137818943159,-0.8121187873570754,False,False,False,False,False,True,False,False,False,False,True,False
2022,1,0.7342234990261364,23.850504834389582,13.269183458904758,118.16154622113801,0.5914261799297875,0.02873303244641783,False,False,True,False,False,False,False,False,False,False,False,False
2021,7,0.029750744658861888,20.485412049621498,9.529801110536521,103.58465077580045,0.7552558414667179,-0.32555586261277647,False,True,False,False,False,True,False,False,False,False,False,False
2024,1,-0.05803852790579535,25.049038814851343,11.472071914870474,99.2271315727881,0.5955322686891334,-0.5700124323271293,False,False,True,False,False,False,True,False,False,False,False,True
2021,5,3.1018858037448633,52.959951964190324,11.427773636266922,90.39742789216565,0.42529512982153306,-0.7030805759400762,True,False,False,False,False,False,False,True,False,True,False,False
2024,10,-1.7389872271999107,66.96406694382537,11.167668616257334,104.41078869828905,0.515460235460965,0.18582620325048063,False,False,False,False,False,False,False,True,False,True,False,False
2021,3,1.3823274458964647,53.185497919819184,6.517388634633457,99.71277798722659,0.5050879263391439,-0.1819742702898053,True,False,False,False,False,True,False,False,False,False,False,True
2017,8,1.3421822947732187,73.20689419314152,18.68950885511819,97.72148772247239,0.5028693463913845,-0.5402607453563752,False,True,False,False,False,False,False,False,False,False,False,False
2024,3,0.4156659699331173,38.22469392099692,14.768267851688929,108.55231673303156,0.6115163826443761,0.19311131880820975,True,False,False,False,False,False,False,False,True,False,False,True
2018,6,1.4855214886442982,76.37082042970195,16.27532390320671,100.65541804104247,0.6765269992042499,0.5414111108379199,False,True,False,False,True,False,False,False,False,True,False,False
2018,7,-0.6255046518957602,56.07308430078613,11.414445322103116,92.54550775121518,0.7143679943876875,-1.2557637367332921,False,True,False,False,False,False,False,False,False,False,False,False
2024,10,-1.518365147539991,51.43824438912596,14.20850350788227,107.46514424320918,0.4369314008790962,0.8373742843906191,False,False,False,False,False,False,True,False,False,False,False,False
2020,11,1.6194351580732922,81.83296256408369,16.89903429130417,98.92520643334699,0.5471673964262151,-1.8257721818333357,False,False,False,False,False,False,False,False,False,False,False,True
2018,5,-0.8703470176574332,42.88720076217892,13.574593688165136,92.8175700397442,0.4732408370018395,0.9653873307262931,True,False,False,False,False,False,False,False,True,False,False,True
2021,9,-0.36219113405498116,57.983490293973716,8.796959644280042,93.10770389891557,0.6140176107897072,-0.13714283589574375,False,False,False,False,False,False,False,False,False,False,False,True
2024,10,0.8306235475398316,27.539798769195983,10.774645441983795,108.17584155462265,0.6043811185244116,1.2006174663098916,False,False,False,False,True,False,False,False,False,True,False,False
2017,8,-0.501628556371903,48.64891706287092,11.748286114598853,100.91884830628972,1.0,1.5842069873778322,False,True,False,False,False,False,True,False,False,False,False,True
2017,7,-0.3182064721325846,72.54802121046032,9.68277216611215,99.41981126569807,0.30414798637805796,-1.314395639265646,False,True,False,False,False,True,False,False,False,False,False,True
2022,5,1.680307105978335,48.23608274222701,9.517096074895349,100.01924708048232,0.5082921610383666,0.3034550841895363,True,False,False,False,False,False,False,False,True,True,False,False
2022,8,0.03231547118757482,40.202106406562706,11.235735655998555,89.30145189573717,0.8766557729107864,-1.02777017496102,False,True,False,False,False,False,False,True,False,False,True,False
2021,2,0.5265572504935742,38.4373306031329,7.375928245538023,102.87545937519535,0.8969157884198644,-0.5519253764552517,False,False,True,False,False,False,False,True,False,False,False,True
2021,3,0.5096507632062802,50.69540114374559,7.116183105447284,110.13393993229889,0.5260993770634981,-2.366433358148267,True,False,False,False,False,True,False,False,False,False,False,True
2021,8,0.35241937901004006,54.05442420061746,4.442587940589051,100.06797414510578,0.7096999592136146,-0.10097871668938288,False,True,False,False,False,False,True,False,False,True,False,False
2021,10,-0.2640759699918621,60.65204529314811,14.60709943436961,94.82849151128227,0.2912159308659599,-0.3232220089869004,False,False,False,False,True,False,False,False,False,False,False,False
2022,5,-0.22999919602778213,40.06478316980156,9.273091082374167,109.90110407696301,0.7175338440517779,-0.058124955035487945,True,False,False,False,False,False,True,False,False,False,False,False
2019,2,2.0744513948094574,31.79904988386198,8.68244701238656,86.86401498850442,0.969120693631524,-0.35979158728114685,False,False,True,False,False,False,True,False,False,False,False,True
2025,12,-0.5188453132811776,41.04143503510491,12.626989874539191,91.44983121531584,0.16131086168254366,-0.4344239584101757,False,False,True,False,False,False,False,False,True,True,False,False
2023,7,1.295952688284265,63.596871812185455,14.676143453454545,96.95967377997424,0.7445903806090894,-1.6097111142566722,False,True,False,False,False,False,True,False,False,False,False,False
2019,9,-1.304232265593243,50.84017439562003,14.308200207167225,99.20964324248337,0.5757147869227138,0.43271090184889094,False,False,False,False,False,False,False,False,False,False,False,False
2018,4,0.548087704082142,30.689137803266068,7.95417532994278,97.98389005362118,0.35658832900072757,0.5459630955291201,True,False,False,False,False,False,False,False,True,False,False,True
2024,2,0.33893852246206824,62.47747178144569,12.095888066782596,94.91994776650287,0.5870061621847411,-0.5677744596409467,False,False,True,False,True,False,False,False,False,False,False,True
2022,6,-0.3970307995787248,53.29816044535049,9.683462473912005,88.44982488480957,0.48459578849624163,1.9932329695046769,False,True,False,False,False,False,False,False,False,False,True,False
2021,8,-0.21542655348545797,56.04877055898319,3.4706154006000425,107.86178556087619,0.42762173230453315,-0.3806317984682371,False,True,False,True,False,False,False,False,False,True,False,False
2025,8,-1.3432844521102028,60.07227342513926,9.942247941708208,99.07146336603452,0.3556085164657884,0.9201465461310853,False,True,False,False,False,False,False,False,False,False,False,True
2019,9,-1.3250596328253537,38.69739020857618,8.745325157765096,99.8084212916051,0.5031010862574862,-1.347192311780125,False,False,False,True,False,False,False,False,False,True,False,False
2017,4,0.5988341726560692,41.678109848125125,12.14543355147398,108.45577812144748,0.5609687625767564,-0.3970110122958146,True,False,False,False,False,False,True,False,False,True,False,False
2017,2,0.07764057652716963,54.64096681322923,13.794062749758698,110.55048048097916,0.35946240507398974,2.1952449089594404,False,False,True,False,False,False,False,False,True,False,False,True
2025,11,0.21893884707163588,57.92830225322497,16.816310766143687,108.90025480289967,0.3905524274284731,-0.11815448824430838,False,False,False,False,False,False,False,False,True,False,False,True
2019,12,1.8039304832528678,47.93829510660315,9.022200101409629,105.01152068849255,0.5056086028232416,0.47798096384222044,False,False,True,False,False,False,False,False,True,False,True,False
2019,7,0.281829624418614,47.048480167736955,6.425864261942935,108.28699403785531,0.6108538941047252,-0.9970912329070127,False,True,False,False,False,False,True,False,False,False,False,False
2023,12,0.27388393825968216,55.86279531827838,13.023380813329737,107.6713063396414,0.44004333243441934,-0.3118625396642448,False,False,True,False,False,False,False,False,False,False,False,False
2023,8,-0.9858749749925457,40.907195785488,18.738788993756025,100.91980140450075,0.4929052613743521,0.9278385712881022,False,True,False,False,False,True,False,False,False,True,False,False
2018,3,-2.778669641666051,56.595610826219556,11.101310856307956,100.74878872671489,0.43390775261307396,-2.6777726821641856,True,False,False,False,False,False,False,False,False,False,False,False
2019,4,1.6898226204410154,52.7622045936736,9.78125898479782,91.10996597040987,0.8839744304907982,-0.6999453350839511,True,False,False,False,False,False,False,False,False,True,False,False
2021,8,-0.1749298820038401,64.40106445882401,13.751777331251862,96.61098001126281,0.3854747158575704,-2.0920258724950047,False,True,False,False,False,False,False,True,False,True,False,False
2018,5,-0.5030025127187545,38.073420462803824,14.288588293436042,92.57803838280577,0.5775522354193191,1.2466910468987549,True,False,False,False,False,True,False,False,False,True,False,False
2020,12,0.39798455756288165,50.12550879884678,14.043937377564195,93.04405153032151,0.7926540100097244,-0.05803200641519668,False,False,True,True,False,False,False,False,False,False,False,False
2020,3,-0.11445501031830795,57.96761665525783,18.058269882066785,92.1121819160865,0.44445212231874337,-1.4614256346847099,True,False,False,True,False,False,False,False,False,False,False,False
2019,11,-0.3907709421333212,30.176431817006815,15.127623353251014,92.70656570122505,0.5297104712395695,0.031295874881145595,False,False,False,False,False,True,False,False,False,False,False,True
2019,12,-1.1995088275577568,49.01680187325557,12.498480830681707,101.0640526559048,0.5084633892923625,0.5894594986230834,False,False,True,False,False,False,False,False,True,False,False,False
2024,10,-0.008648626012240201,35.29068783848867,9.30852589428342,101.18214049987252,0.5250113022653226,1.2508093217785257,False,False,False,False,False,True,False,False,False,False,False,True
2024,11,-0.05756976240540404,53.77229796526727,21.33034166301276,101.80932252689018,0.466396340377511,0.8377449040461442,False,False,False,False,False,False,False,True,False,True,False,False
2023,7,-0.6548956413099721,25.313252527786332,5.4470258959917714,119.47626135079327,0.2803509741674738,-0.5729464718451013,False,True,False,False,False,True,False,False,False,False,False,True
2018,2,0.5835250918333419,43.96115595868089,10.228374877814327,86.65206653541459,0.5886055130134652,-0.5719874842699945,False,False,True,False,False,False,False,True,False,False,True,False
2022,5,2.287450000653147,63.77348789800173,12.951487160913562,97.10104772349136,0.594498551971595,0.509296802223084,True,False,False,False,False,False,False,False,True,False,False,True
2025,3,0.76677429226312,17.14646271098257,7.853170693178892,93.45005650783297,0.45750102737788245,-0.22285328107495792,True,False,False,False,False,True,False,False,False,False,False,False
2023,8,0.3831690226561928,44.59987464035133,7.957287329323568,100.54107028614246,0.5639598663843557,0.5925534365473859,False,True,False,False,False,False,True,False,False,False,False,False
2021,7,-0.34643625218509994,66.15901855575032,15.267255904030051,104.23014108567708,0.2531968796232603,1.9395613574486996,False,True,False,False,False,False,False,False,True,False,False,True
2025,2,0.5250720408620666,72.30750790187287,3.209878772976265,94.35050243099553,0.8050091755943449,1.5670230080065792,False,False,True,False,False,False,False,False,True,False,False,True
2018,4,2.538483229427952,49.78797111184058,11.731707504984456,115.18473187614018,0.5447336809666729,-0.5683514716950304,True,False,False,False,False,False,False,False,True,False,False,True
2021,10,-1.0296025948847793,48.481796629761234,10.721783726118153,92.88364176491167,0.516113277400235,0.08998357881629604,False,False,False,False,False,False,False,False,False,False,True,False
2018,2,-0.06398565562856524,70.36666325456,14.465980921816332,110.17277092582886,0.40103543553604115,0.5019232997216204,False,False,True,True,False,False,False,False,False,False,False,True
2023,9,-0.13619970878397838,66.90479378421682,14.081544456191981,92.55052839281558,0.6781531503591619,1.1334517288164596,False,False,False,True,False,False,False,False,False,True,False,False
2017,4,-2.20284938250963,62.77519809843575,14.69939420336544,99.95207315029155,0.5938780258346378,-0.3626310438697443,True,False,False,False,False,False,False,False,False,True,False,False
2025,1,0.7010360268721068,62.77232190370805,6.465046153787773,94.33526759727012,0.5172727225677995,0.15265948751580072,False,False,True,False,True,False,False,False,False,False,False,False
2025,3,2.534992746099831,53.214702288822615,14.858034914766584,109.53741737216323,0.8007148239780126,0.7066372859450395,True,False,False,False,False,False,True,False,False,False,False,True
2021,10,0.7528018229417711,47.846893300069745,10.203177519623472,99.98681054081003,0.5987914451719316,0.4595608383700958,False,False,False,True,False,False,False,False,False,False,False,False
2020,1,-0.45961508607392565,32.64318418771479,13.092189456123325,100.17407872637861,0.4466723169863224,-0.45172711044619557,False,False,True,True,False,False,False,False,False,False,False,False
2023,10,0.06446892610267248,14.185366872636628,18.528600243063035,106.37635357518415,0.6084338792487556,1.0120389753946053,False,False,False,False,False,False,True,False,False,True,False,False
2022,9,-0.13891181270510022,42.41386843134589,4.620896431733975,109.9367424971819,0.6688209471123435,-0.1778765946763719,False,False,False,False,False,False,False,True,False,True,False,False
2025,1,-0.21556337466258174,41.50337168004807,19.416150952948588,100.13490799430969,0.5748575835961709,-0.5005629432242592,False,False,True,False,False,False,True,False,False,False,False,True
2024,7,1.1105627402927678,30.76183055444019,12.600322674476146,86.74288617680634,0.486745390867974,-1.268657427449655,False,True,False,False,False,False,False,True,False,False,False,False
2019,12,-0.4774186214077085,33.61196024341827,14.728565907404512,83.41228627460457,0.4779069222976087,-1.0002086234017997,False,False,True,False,True,False,False,False,False,True,False,False
2022,9,1.4255413723710189,47.452744458573896,8.786170744730486,101.37431692159697,0.5426732168313684,-0.009150044217235304,False,False,False,False,False,False,False,False,True,True,False,False
2023,4,-1.6407346102868243,57.073772117688314,13.4832512843681,105.14722434143465,0.31972252274418794,0.9288157801261377,True,False,False,False,False,False,False,True,False,False,False,True
2023,7,0.6417106490138536,44.10893632655649,10.408484370107,108.39859049225983,0.43940801175404265,-1.101430049521758,False,True,False,True,False,False,False,False,False,False,False,False
2018,11,-0.5643132377612419,60.44496322102573,12.668972542060327,92.27768037744522,0.3760269595564594,-1.0082354924860506,False,False,False,False,False,False,True,False,False,False,False,False
2018,10,-0.796957653281206,38.403597572673796,13.008464859760643,106.67547323558156,0.4859203995078001,-1.515602041862481,False,False,False,False,False,False,False,True,False,True,False,False
2025,1,1.9692258168221626,54.5012866375785,7.290838715056002,106.95354669251104,0.5126236732306765,1.5248117581200582,False,False,True,True,False,False,False,False,False,False,False,True
2019,3,-1.740319565334422,45.5232661176484,12.60185682404507,96.99738699713798,0.5055402267024012,-0.44337449239031573,True,False,False,False,False,True,False,False,False,False,False,False
2019,4,1.502115147994613,51.18387819024839,16.071305161727544,90.1744285956557,0.40990361071878006,1.1814013025187393,True,False,False,False,False,True,False,False,False,True,False,False
2017,8,-0.9949344438163292,53.457344651447826,19.359656392831152,104.07296308906207,0.4882307138680157,0.5360351912265707,False,True,False,False,False,False,False,False,False,True,False,False
2020,1,1.129580854227459,48.35778635589399,12.193871644412752,92.4866157432311,0.6711109322674097,1.4942942105249304,False,False,True,False,False,True,False,False,False,False,True,False
2019,5,-0.5823535994615734,44.68896785945813,14.333089786342011,92.678989473785,0.7637521373476275,0.45935984575446287,True,False,False,False,False,False,False,False,False,False,False,True
2024,4,-0.6003824289163511,45.8439603944219,8.338965153665926,111.38070768318251,0.2920517222925087,-1.3781524372396443,True,False,False,False,False,False,True,False,False,False,False,False
2018,8,0.5700341960840228,45.40984815354787,12.816194992233052,90.82352770502033,0.517885672535176,0.43388356005045575,False,True,False,False,False,True,False,False,False,False,False,False
2017,2,-0.20782218872037653,44.73126621748638,8.85651882522052,103.63596946325855,0.21486104557522323,0.14451109141550142,False,False,True,False,True,False,False,False,False,False,False,True
2021,10,-0.21669325405592046,64.2334322162526,12.927995970172798,93.67498679975768,0.5014365510511225,0.5932757107274774,False,False,False,False,False,False,False,False,False,False,False,True
2022,2,1.0489037151715825,30.523842815570884,8.05837237431136,111.50986600023131,0.6183861916240808,-0.5545702490828831,False,False,True,False,False,True,False,False,False,False,False,True
2024,3,0.72166195980949,50.7708000565428,8.637771728490993,104.03827009988393,0.6756313886466674,0.5629931670346557,True,False,False,True,False,False,False,False,False,False,False,True
2022,6,0.644514088682196,38.866000442635325,1.3379588013185497,108.73003342343985,0.4916054124231313,-1.0961672347066005,False,True,False,False,False,False,False,True,False,False,False,True
2019,11,0.20523109170297799,32.21194654632595,20.03131209221361,108.72975021745104,0.8300786404978766,0.040267591244210886,False,False,False,False,False,False,False,True,False,False,False,False
2024,12,0.8645784512858746,60.303004420022845,10.187058567886417,103.49987759468301,0.4751051248503255,-0.10752288086961366,False,False,True,False,False,False,True,False,False,False,False,True
2024,10,1.0644704608191784,57.0070381685788,12.18306009105745,105.5292624648888,0.7190422777910412,0.2731623405402428,False,False,False,False,True,False,False,False,False,False,False,False
2018,12,-1.85848793774098,56.79591658841453,10.07744802808667,105.74046730102133,0.5229867588490239,-1.1478149677194427,False,False,True,False,False,False,False,False,True,False,False,False
2018,12,-0.008175806923322827,32.94767866229857,11.115902162785872,108.85141444774814,0.6908345481268591,-0.11024098143654597,False,False,True,False,False,False,False,False,True,True,False,False
2017,7,-0.26762706489607857,55.61477341055151,12.816843372477143,96.46822093397773,0.6610526519078865,-0.2697156362748927,False,True,False,True,False,False,False,False,False,False,False,False
2023,6,-1.4302532832423676,33.4134155717704,11.703918040356639,99.07300722033412,0.5644388871440135,0.6084338842936083,False,True,False,False,False,False,False,True,False,False,False,True
2024,3,-0.23626644503100197,76.97288614967769,9.026482982536262,103.06849552734259,0.4477034378106839,0.043675415418173304,True,False,False,False,False,False,False,True,False,False,False,True
2024,3,0.9924766135830533,51.10695472654059,12.514895671963393,115.06849010695956,0.5851590697058687,-0.3411254938103623,True,False,False,False,False,True,False,False,False,False,False,True
2017,5,-0.3120953200462915,62.70104366286598,12.374631046262335,101.67421360623301,0.5303706835841723,-0.791010159313637,True,False,False,False,False,True,False,False,False,False,True,False
2024,12,0.11195924144437792,41.98099639599301,12.323317019897248,94.66562594302914,0.732257964889668,-0.9957381111270069,False,False,True,False,False,False,False,False,True,False,True,False
2023,7,0.643992678531235,47.517647080536996,11.042613115621148,96.6850307845503,0.3537219421592369,-0.3853112654294217,False,True,False,True,False,False,False,False,False,True,False,False
2025,6,1.918164394628769,65.72396564586215,6.524622625256563,95.03623369348591,0.4737984887198298,2.163983565744372,False,True,False,False,False,False,False,True,False,True,False,False
2019,7,-0.33105053147208047,54.342308981168784,11.80734429398129,95.59783655182615,0.6941582631483474,0.18673040970062812,False,True,False,False,True,False,False,False,False,True,False,False
2025,10,1.7238938281238618,47.30214133560083,12.645904798093675,105.8565878994081,0.670777650549172,0.9792593032537936,False,False,False,False,False,False,False,True,False,True,False,False
2023,7,-1.6306576222494007,22.03846951771784,8.73232953179493,96.58638486637749,0.8700597530875989,1.1360572262676651,False,True,False,False,False,False,False,False,False,False,False,True
2024,8,1.416944415790647,50.64151347961939,11.888757080779522,96.87086553073692,0.5709661925007178,0.24024014199562185,False,True,False,True,False,False,False,False,False,False,False,False
2023,11,-2.9858225341099236,29.537692118544644,11.613579499250784,93.85153092718319,0.4221921439290963,0.08305392239553691,False,False,False,True,False,False,False,False,False,False,False,True
2025,2,1.3609015874770531,35.71195000556472,8.35465092508189,90.63057155016214,0.3832345077811713,-0.11184759450465882,False,False,True,False,False,False,False,False,False,False,False,True
2020,9,1.1700664042196551,41.46780994875713,11.790183074641572,94.31371622867353,0.7887722808850964,-0.1682951148087099,False,False,False,False,False,False,False,True,False,True,False,False
2025,12,-0.047717018170430385,35.106314391540764,19.76986652392823,112.20318135099672,0.5057007964919562,-1.4853557940785214,False,False,True,False,False,False,False,False,False,False,False,True
2023,1,1.0096857385188218,55.370036512911895,12.557279520627633,85.54012194786067,0.6364492026842271,0.9247938033643068,False,False,True,False,False,False,False,False,True,True,False,False
2021,6,0.6236763264791144,60.30121031242519,18.42375928055329,94.30126018642478,0.31529051433298916,-0.44159329258107544,False,True,False,False,False,False,False,False,False,True,False,False
2023,11,0.20565664059489883,72.4473222151757,27.911121677135377,89.31437728238404,0.6830885591270226,0.9477836585238427,False,False,False,False,True,False,False,False,False,True,False,False
2025,10,-0.020495562172830533,38.99908497982926,11.168312046821729,112.88919671061593,0.8091340354948449,-0.20019344351984655,False,False,False,False,False,True,False,False,False,True,False,False
2025,10,1.3603397390464533,33.504939379867864,9.115058939599992,108.11863596474412,0.7607910740791332,1.070822215083761,False,False,False,False,False,False,False,True,False,False,False,False
2021,11,0.5683113089658791,82.25328821634093,13.790030108324157,114.00508024111971,0.5681859980543658,-2.50731501116164,False,False,False,False,False,True,False,False,False,False,False,False
2017,6,-0.750375308326479,54.01426263546672,19.69891377825968,108.17383258532772,0.41152787534388424,0.10855715192493393,False,True,False,False,False,False,False,False,True,True,False,False
2021,3,0.2984312361750658,63.021018476687665,18.128740324838844,98.19326311461495,0.5445548940739826,-0.5966063267153192,True,False,False,False,False,False,False,False,False,False,False,False
2024,2,-0.8758399540230916,7.245138421979533,7.1888339181377,84.42934752826837,0.760329635577887,-0.3766433530549067,False,False,True,False,True,False,False,False,False,False,False,True
2018,11,1.2659336265568182,61.55753320783692,14.678570717987329,101.92035972824615,0.3350406140361869,1.1378566156165137,False,False,False,False,False,False,False,False,False,False,False,True
2023,4,0.2462780914938584,52.21235981649408,12.69295886727046,89.70763437661326,0.502987258871016,0.1334166695435745,True,False,False,True,False,False,False,False,False,False,False,False
2019,4,0.509117569050969,51.18649730818732,7.69603147041041,103.64766325029291,0.7616080608815533,-0.4553323451048814,True,False,False,False,False,False,False,True,False,False,False,False
2020,2,0.05139785431709231,42.336310073499874,10.97971289163015,103.60411370504566,0.1616062805721275,1.492494464014205,False,False,True,False,False,False,True,False,False,True,False,False
2025,5,-0.04074635781719302,48.90714416859582,17.589427382829175,101.56951726996232,0.07809379013371598,0.7952230468450979,True,False,False,False,False,True,False,False,False,False,False,False
2018,7,0.008931873110698613,59.51569481743626,9.849315472805632,108.86989341014899,0.5135477436382928,0.6444585877332862,False,True,False,False,False,False,False,False,False,False,False,True
2022,12,0.004956697009070176,51.10383666529215,11.054365081263853,92.30189940952883,0.48040628781447653,1.2035700460201588,False,False,True,False,False,True,False,False,False,False,False,False
2023,11,0.14613164095694817,32.30738881872335,6.518312587142297,99.57057515810385,0.4048582456909253,0.2743801437775672,False,False,False,False,True,False,False,False,False,False,True,False
2025,8,-0.7162191151112647,63.61393353963493,5.8827760646206615,95.72029636050007,0.10324590712007464,-0.05893838787123415,False,True,False,False,False,False,False,False,False,False,True,False
2017,3,0.023864421189582014,36.04549786041025,10.661962888095369,96.0017898149074,0.6193059652576632,0.8003564705620101,True,False,False,False,False,False,False,False,False,False,False,True
2017,6,0.12103793966357433,53.682853714925514,14.090385509045309,111.11376294124993,0.8194028493176474,0.8239926513336804,False,True,False,False,False,False,False,False,True,False,False,False
2019,4,-0.09480855938998854,50.4759379780331,8.181725367434636,90.60103890740778,0.3778166171014397,1.032811733676764,True,False,False,False,False,False,False,False,True,True,False,False
2020,7,1.8508536342912676,49.96487917719563,11.797221126936822,110.69873096986355,0.4090859851095774,0.6115279489820665,False,True,False,False,False,False,False,False,True,False,False,False
2023,12,-0.16135270436911373,46.70013623429934,9.804685215542332,82.87293303490975,0.6490429787121769,0.9034142970324087,False,False,True,False,False,False,True,False,False,False,False,True
2018,12,2.397376589597702,42.41787527005248,15.193109492599666,110.44763235523433,0.5041767118174683,0.6268877214515259,False,False,True,False,False,False,True,False,False,False,False,False
2019,1,0.47711953787947037,35.69338940952369,7.862157626181416,113.11650052184494,1.0,2.236334014023641,False,False,True,False,True,False,False,False,False,False,True,False
2021,3,-0.10050883681419848,60.97102465577322,15.543109175717264,93.79793872194003,0.33036153842178667,-0.2392789590343433,True,False,False,False,False,False,False,False,False,True,False,False
2019,12,-0.36921329146881043,77.35042959050568,4.795289466117671,100.89436735037162,0.5453831204090983,1.1840305496790888,False,False,True,False,False,False,False,True,False,False,False,True
2021,8,-1.0865350262342919,33.16065217117527,9.270236381137757,110.85756851401582,0.9736818537632164,0.3389153580775631,False,True,False,False,False,False,False,True,False,False,True,False
2025,10,-1.1012568208112323,72.81430600086595,9.026745725709498,96.05048343041153,0.6584856399776086,-1.1450739583590241,False,False,False,False,False,True,False,False,False,False,False,True
2018,6,0.7166310664731552,41.54628144344111,10.140487454074245,85.14588128598601,0.6725856778415671,0.1731528628025136,False,True,False,True,False,False,False,False,False,False,False,True
2024,2,1.1266103486291923,35.645253997428284,9.140592424925577,115.50820433872278,0.5315498135742461,-0.03264754142036228,False,False,True,False,False,False,True,False,False,True,False,False
2020,5,-0.45319473396873566,81.25397366149504,13.36862741967326,98.65239436093671,0.4402403413622842,-0.2626102209464174,True,False,False,False,False,False,False,True,False,False,False,False
2024,4,2.4478027535929074,68.5076369129815,19.84858984912472,92.79558752301045,0.7853738873526307,-0.21426943150203098,True,False,False,False,False,False,False,False,False,False,True,False
2017,1,0.9245753565951862,57.07550997593946,18.740099366530885,98.92734719890903,0.6943406536197053,1.306625832078896,False,False,True,False,False,False,False,True,False,False,False,False
2018,6,1.0610902576025796,72.91956768084523,11.210874038260776,89.68919976096694,0.28982110259250066,-0.44888538051576915,False,True,False,False,False,True,False,False,False,False,False,True
2020,5,-0.7203480373593485,44.81072554750184,7.290590994720879,112.67908550182017,0.046989869608178525,-1.8436759943961023,True,False,False,True,False,False,False,False,False,False,False,True
2018,9,-0.9936849198426648,44.116195727957724,18.274709481338085,110.2758499473576,0.8780028808113249,-0.9969432550763406,False,False,False,False,False,False,False,False,True,False,False,True
2019,7,0.7502011249463191,47.87163502143285,14.473929328136233,100.1937796468237,0.12577040132380107,-1.191976825952955,False,True,False,True,False,False,False,False,False,False,False,True
2017,11,0.46444995749542084,74.75553751728566,13.748847269230412,88.57888877797711,0.6014072867199038,1.382710252661615,False,False,False,False,False,False,False,True,False,False,False,True
2019,12,-1.1970543554232365,81.77314718645296,13.32080768843768,99.95608591780065,0.35422530380503514,1.0051755563671387,False,False,True,False,False,False,True,False,False,False,True,False
2018,7,-1.5074811997787745,44.92316380637128,16.19848231815574,109.89251290724181,0.5219932433525715,0.6347251891792207,False,True,False,False,True,False,False,False,False,False,False,True
2021,3,1.437259080436076,22.28194820291875,7.497688262597891,92.42701500064334,0.6170235855628332,1.113420653537455,True,False,False,False,False,False,False,False,False,False,False,False
2025,5,0.9511651707789268,79.55734948225965,13.18880856849848,112.70057205406434,0.6314987104414825,-0.22399274529243318,True,False,False,False,False,False,False,False,True,False,False,True
2017,1,0.32468165322885006,60.2749710915024,9.9746755012412,99.26345004224733,0.34853443647322524,1.8591325584609417,False,False,True,False,False,False,False,False,False,True,False,False
2017,6,0.5565591280933229,52.000282123944736,13.113861755797682,104.51397519748143,0.7909274266029233,-0.2715115496462052,False,True,False,False,False,False,False,False,True,False,False,True
2025,1,0.6632154402564954,19.30355450677427,9.490767054863257,106.73626361099366,0.6642999705260721,-0.8693294626501766,False,False,True,True,False,False,False,False,False,False,False,False
2018,3,-0.6775091168806363,50.63260548711726,12.01690263816013,86.80069406604119,0.6438584889575506,1.0656771211655787,True,False,False,False,False,True,False,False,False,False,False,True
2017,9,0.07630681084904649,59.03629078953628,12.101393446798388,105.27974551136163,0.9448018094934664,-0.628559633958922,False,False,False,False,False,False,False,False,False,True,False,False
2018,8,0.38442943761965875,58.101964504373356,17.102697907242202,88.69594839672988,0.4410196604729542,0.1803816199704611,False,True,False,False,False,False,False,True,False,True,False,False
2025,3,0.7972725611692801,55.6632028034878,7.233421101290779,94.54549547747658,0.5897431179186357,1.0766907311204446,True,False,False,True,False,False,False,False,False,False,False,True
2018,5,-0.5367380603433028,59.911583096239,13.814274541440653,99.8072779824189,0.6421281486075642,-0.8388607841960342,True,False,False,False,False,True,False,False,False,True,False,False
2025,1,1.7577664666808224,35.512815212237214,7.872179954717693,106.91615359739144,0.962330361367032,-0.7805443703912978,False,False,True,False,False,False,False,True,False,False,False,False
2023,5,1.002031993310248,51.80241400068565,11.42423438613994,102.17679641618938,0.4401024061622991,-1.4177684830656132,True,False,False,False,False,False,True,False,False,False,True,False
2025,12,0.6485658379660353,49.70442716231897,16.78379982296022,109.69383273689607,0.5537788378091739,-1.4197710467742473,False,False,True,False,False,False,True,False,False,False,False,False
2023,1,0.5856056418097813,23.119507161742572,9.312869336706994,106.73342508882185,0.8758636986911607,-1.4648418124505458,False,False,True,False,False,False,False,False,True,False,False,True
2019,4,0.044187834959585996,45.07337331643234,9.536214088107707,102.94699541125645,0.643853570484436,1.6792245927130354,True,False,False,False,False,False,False,True,False,True,False,False
2019,6,0.037722896682238334,69.91659343271328,16.495025711610197,92.67957795450559,0.7049358366247603,0.5975810254311384,False,True,False,True,False,False,False,False,False,False,False,False
2018,2,-1.209121304680956,63.72617786561331,8.970820179143772,102.22164045193936,0.510271881769043,-1.4589867321496075,False,False,True,False,False,False,True,False,False,False,False,True
2018,4,0.4662251226514788,68.03567174866633,13.987614610980126,105.22343397422215,0.7575826668746204,-1.2822095629435222,True,False,False,False,False,False,False,True,False,False,False,True
2021,2,2.3457330389610074,47.18437907912304,15.77520682483297,86.56005786089922,0.46864822493332103,-0.6288495611832894,False,False,True,False,False,False,False,True,False,False,True,False
2021,7,-0.8124011585565369,41.30141259032109,13.017957269104613,98.3090960730951,0.5739434192230607,-0.5700110556093595,False,True,False,True,False,False,False,False,False,False,True,False
2017,8,0.072573080591019,80.78029435644942,11.148273424337424,102.18907892092822,0.798541606798044,0.13108854718723997,False,True,False,False,False,False,False,False,False,False,False,True
2022,6,0.24535494857241638,49.61541005175241,14.30126178896058,101.73901059151133,0.6972275192917967,1.0489212805426362,False,True,False,False,False,False,False,False,False,False,False,False
2019,11,0.6123449200984505,26.542947496914934,14.453462154649012,94.56178895683388,0.5746031443979742,-0.5851359905494149,False,False,False,False,False,True,False,False,False,False,False,False
2019,9,0.5527285008997627,35.195129664836934,16.305356432436866,104.74914732994561,0.8601481775747573,0.41449921809578877,False,False,False,False,False,False,True,False,False,True,False,False
2017,5,-0.16576491665387216,51.39089307835929,14.65185006925068,86.06161607257306,0.7368180812024638,1.395075362788366,True,False,False,False,False,False,False,False,False,False,False,False
2023,2,2.2011031387545934,72.63027361705957,10.782448326813464,93.81241317902573,0.3789396312693908,0.5958794839967012,False,False,True,False,False,True,False,False,False,False,False,True
2019,8,1.6244978459567558,41.54334531506793,15.359306303414385,112.33032377452935,0.7328620365004745,-0.2514956246084482,False,True,False,True,False,False,False,False,False,True,False,False
2024,2,-1.1412152455608227,48.557352525858086,16.506169695432856,89.97647906316774,0.24265064766507072,1.4718347735005264,False,False,True,False,False,False,False,False,True,False,False,False
2020,12,0.9359426413015662,70.95992093704241,13.688954953450107,114.82551332934544,0.7292187915486158,-1.2487378160638052,False,False,True,False,False,False,False,True,False,False,True,False
2022,6,-0.23479939411441825,38.18893410050919,3.5172593137953383,108.21115435281588,0.6635550725525428,-0.4882116645955765,False,True,False,False,False,False,True,False,False,False,False,True
2021,2,-0.12433282084890122,70.23977072676007,13.230059248761412,111.451701207642,0.6170669832692568,-2.0190020959228363,False,False,True,False,False,False,False,False,True,False,True,False
2020,6,-0.8072438054594162,54.10982709309499,14.634053032479088,99.7039150360954,0.7428851545158281,0.6045206306008323,False,True,False,True,False,False,False,False,False,False,False,False
2019,1,-0.4470094599118548,52.37455305635789,19.485939355961698,95.68243386507392,0.7615484504751604,-1.3494043382481336,False,False,True,True,False,False,False,False,False,False,False,True
2023,1,1.923627220422718,43.75872318100207,12.623364512826987,101.69399521266253,0.6150588046056681,-0.9413317556329183,False,False,True,False,False,False,False,True,False,True,False,False
2023,2,1.0725333647101947,48.27881440999864,11.895825469386999,89.46818556990527,0.840388893271993,-0.6126354131078269,False,False,True,False,True,False,False,False,False,False,False,True
2017,10,-0.8501996336058633,59.61982082698034,17.613124587764474,102.96324338775538,0.711345056593129,0.5691315690190213,False,False,False,False,False,True,False,False,False,True,False,False
2021,1,-1.4546438728581037,42.164504611380586,14.187364658948281,98.42145160231352,0.41045775285986486,1.3579827784518277,False,False,True,False,False,False,False,False,False,False,False,False
2021,6,1.1557510374984181,37.775460400009685,15.555893219290493,82.28242995772197,0.7094458251235697,-1.6760240840708927,False,True,False,True,False,False,False,False,False,False,True,False
2018,5,0.6606729130022508,82.72063690817805,12.998788100450284,98.29465180055756,0.4221026558162335,0.1560204688303409,True,False,False,True,False,False,False,False,False,True,False,False
2017,12,-1.0730001540983543,32.688984106186865,7.734175671733843,107.07317227852351,0.5946970311200078,1.3659878354682442,False,False,True,False,False,False,False,False,True,True,False,False
2018,5,0.5541614850821731,30.197980250337512,12.528676936756002,108.11442949744739,0.3626158378500757,-0.4724425178270377,True,False,False,False,False,True,False,False,False,False,False,False
2021,7,-0.5609290008790382,27.10106399952925,4.627767236542329,103.91813540511303,0.24317939127665422,-0.4742086773826163,False,True,False,False,False,False,False,False,False,False,True,False
2021,9,-0.49524862019365573,35.34787260387543,11.735879716050528,97.86705742823706,0.601997749004636,1.4303897213876449,False,False,False,False,False,False,True,False,False,True,False,False
2020,10,0.32319759685870747,77.56618446180134,7.942249676905106,102.17875779806431,0.5537256742472366,0.2805822783966414,False,False,False,False,False,False,False,True,False,False,False,True
2024,1,0.2031664767410382,71.63795591017714,10.696873530452866,97.03586472504652,0.4429413615571646,-0.055886052896756015,False,False,True,False,False,False,False,False,True,False,False,True
2024,11,-0.7731951168428768,49.386257573399114,9.25979805995144,95.34127417279845,0.5152819672197833,1.1819980519255384,False,False,False,False,False,True,False,False,False,False,False,True
2023,4,0.5604577749588049,59.26956136330912,19.483447657400305,107.70578671730938,0.3602549099636957,0.5445995487216492,True,False,False,False,False,False,True,False,False,False,False,False
2024,1,1.3050104888464247,33.07346545542919,2.644580485307876,111.11317677247503,0.5859268124968346,0.08226388788949895,False,False,True,False,True,False,False,False,False,True,False,False
2018,11,0.6625981504252507,58.23785741349549,9.012774031777846,86.93979890946866,0.40638118985948257,-0.3604178573426074,False,False,False,False,False,False,False,True,False,False,False,False
2020,10,0.7327109427693562,68.38634673085431,13.9025734089407,94.13804522116234,0.5644515773813278,0.11758101095648853,False,False,False,False,False,False,False,False,False,False,False,False
2019,12,0.7954598748704036,49.63707667652968,8.307870590545873,99.16273974330723,0.4914004317104753,-0.7930997872646736,False,False,True,False,False,False,False,False,True,False,False,True
2023,7,1.0871101984887657,49.97475784257542,7.184926605960172,83.81951695888944,0.5468254029941905,-1.194060480024647,False,True,False,False,False,False,False,True,False,True,False,False
2022,7,-0.5306668897390933,74.62895263780547,13.859152861073818,88.8860936451832,0.3592439102281001,0.712684247490375,False,True,False,False,False,False,False,False,True,False,False,False
2017,7,1.4998267972288106,45.22354513301082,14.612159782561235,98.31544829381646,0.7082766970112181,-0.23356027201029736,False,True,False,False,False,False,True,False,False,False,False,True
2020,9,-0.18045002712716604,24.889063051076498,22.795940483168078,111.14605123305599,0.4688144535617567,0.31019454405094826,False,False,False,False,True,False,False,False,False,True,False,False
2025,11,-0.7012259926314353,24.628338534472203,11.692816253738004,103.25832143872144,0.4435655010972813,0.7527222034871184,False,False,False,False,False,False,False,False,False,False,False,True
2024,1,1.370744507474978,27.527819233770153,17.15222453343605,101.91012911082845,0.6562840968881726,0.10855369784052744,False,False,True,False,False,False,True,False,False,True,False,False
2017,10,0.044189919556039105,50.11607501632429,12.38004986536321,106.85258288007918,0.44079465356743996,-0.4603043845625302,False,False,False,False,True,False,False,False,False,False,False,True
2024,5,0.10140003340525669,41.26174784977751,13.149778818400092,108.45132897602285,1.0,2.134864083025039,True,False,False,False,False,False,False,False,True,False,False,True
2018,5,-1.706096940217759,52.293060666800024,13.00351694680735,101.66844731923966,0.6995515369778833,-1.2557756424029562,True,False,False,False,True,False,False,False,False,False,False,True
2020,3,-1.2130355851987074,25.24715162051926,12.824846316397736,98.83738432116449,0.5847987951569731,-0.7487427711363346,True,False,False,False,True,False,False,False,False,False,False,True
2017,3,-1.7269654855764658,58.34235297798636,11.376547974089778,112.52090678051273,0.9318654192501541,0.2108538821397784,True,False,False,False,False,False,False,True,False,False,False,True
2018,3,0.5321761598451539,32.72743532939833,9.66976069965517,91.314524570418,0.7647485524712123,-0.35939634701610634,True,False,False,True,False,False,False,False,False,False,False,True
2025,1,-0.6643381795729958,52.33048619173389,12.30438576354381,102.07305675064636,0.5336085477290582,-0.04229287251264407,False,False,True,False,False,False,False,False,False,False,True,False
2023,3,0.13625830625349225,38.285270732726445,13.69765025462464,100.66408742619005,0.607516295453648,1.020202041456085,True,False,False,False,False,True,False,False,False,False,True,False
2017,5,1.264779847050035,13.611373925979962,18.880354637543373,109.74426681460163,0.8343269503961542,0.20080005353029065,True,False,False,True,False,False,False,False,False,False,False,False
2023,1,-1.6051332014584174,38.759063286278504,7.587607121519024,106.23288148365336,0.6762037059289188,-1.9970218899543064,False,False,True,False,False,True,False,False,False,False,False,True
2018,1,0.6328391323516083,27.780049088747944,13.575913212500506,104.20221765198312,0.3775664399457392,-0.10134272983504104,False,False,True,False,False,False,True,False,False,False,False,True
2018,3,0.6727293784977457,70.06014838514237,12.78964370558189,101.74225210255949,0.7139385372325744,2.103679888730786,True,False,False,False,False,False,False,False,False,False,False,True
2025,7,0.9346820628963304,38.823037741539665,13.074216272056134,105.90483395101005,0.5171772164038687,-0.6490793125443132,False,True,False,False,False,False,True,False,False,False,False,False
2021,3,-0.8370336532238911,34.55562391463886,8.103147925753458,105.06829660051666,0.610000512444617,-0.24096232837912,True,False,False,False,False,False,True,False,False,False,False,False
2022,5,0.1180097531291236,59.098897363391416,15.874317854424287,105.22043761930827,0.6741052415933979,0.5796498317694024,True,False,False,False,False,True,False,False,False,False,False,False
2019,1,0.34750930993308465,53.25024242989122,9.011565406196137,109.27478167995466,0.5825757151060856,-1.6777895955511803,False,False,True,True,False,False,False,False,False,False,False,True
2018,6,-1.3298910224405813,35.86728504561042,10.965164086961025,115.35031944486454,0.46104196427563177,0.5103014431738871,False,True,False,False,False,False,False,True,False,False,False,True
2023,9,-0.9448896176022599,39.60379172017688,16.25847423578245,90.85212523481228,0.38284861305612716,1.1687893483087053,False,False,False,False,False,False,False,True,False,True,False,False
2017,12,-0.7077387794799367,57.00015197121147,13.151119465304655,80.42012918783146,0.9389544432398433,0.41200321959505254,False,False,True,False,False,False,False,False,True,False,True,False
2024,3,-1.2043669485340438,19.007827924682775,10.663093900149697,89.85616430808562,0.48550066969494,0.4802433341567212,True,False,False,True,False,False,False,False,False,False,False,False
2024,11,0.3571419244288725,47.64812313956367,10.536518226708742,112.39535962991822,0.7548801508094729,-0.8488680101529118,False,False,False,False,False,False,False,False,True,True,False,False
2025,4,-1.1472664914614634,57.19427485470409,18.941312607253387,94.49723243980566,0.36446231299568854,-1.0685445969116398,True,False,False,False,False,False,False,True,False,False,False,True
2018,5,0.9940731700058961,58.881907267300676,11.111330807018934,113.58360703831403,0.4737131482541953,0.0875506456902121,True,False,False,False,False,False,False,False,False,True,False,False
2022,5,0.8433448919249784,62.81364477977737,10.608439220790405,98.13497985709549,0.7780165879414604,-0.8278506574972045,True,False,False,False,False,False,False,True,False,False,False,False
2018,5,-0.04345063450892596,44.52353035983869,8.933119774260911,93.92614596392038,0.5123843564800575,0.3496863861162428,True,False,False,False,False,False,True,False,False,False,False,False
2017,6,0.7558215041883719,51.94949438173995,6.8654404010234735,97.06069688718263,0.6867033761995962,-0.1976065518151338,False,True,False,True,False,False,False,False,False,False,False,False
2020,12,-0.5350294543083745,52.664770649319536,12.367111424479596,103.1058191419134,0.7304092702837482,-1.93374655753542,False,False,True,False,False,False,False,False,False,False,False,False
2023,7,-0.20426948780729892,54.939765979181516,7.114348563434986,106.53942261788534,0.5624901342304361,0.20102689621612732,False,True,False,False,False,False,True,False,False,True,False,False
2018,2,-1.0586372679536964,41.88653464605804,11.127021817391183,95.69500149967081,0.7274164227899663,0.07024326070851288,False,False,True,False,False,True,False,False,False,False,False,True
2025,7,-1.660991889007022,80.14711623456691,9.816507657093982,97.50338545544994,0.23900536162255692,-0.29294608184713095,False,True,False,False,False,False,True,False,False,True,False,False
2023,11,0.3853159514734912,58.424583082115525,10.141049955874962,94.474480477803,0.2468599283828789,0.5351664545013418,False,False,False,False,False,False,True,False,False,True,False,False
2022,2,-0.8438550752043381,65.87871580601566,6.728925746503444,97.78584719112298,0.4885531264434685,0.4303912663411953,False,False,True,False,True,False,False,False,False,False,False,True
2024,8,0.2023181805583551,44.27740970444434,14.023070644867198,90.48883637137183,0.6504139574897932,1.0975215056449055,False,True,False,False,False,False,False,False,True,True,False,False
2020,3,0.9272264856887904,43.767610036412066,15.573466541808683,92.30972469910445,0.5335258479657022,-0.7723291046234922,True,False,False,False,False,False,True,False,False,True,False,False
2022,2,1.38313513986212,53.761109298669915,15.258750345605264,92.57889109466879,0.6346464050682179,0.803247273047384,False,False,True,False,False,False,False,False,False,False,False,False
2018,11,-0.37723567409627334,61.200144558633966,18.34912369562244,101.42141286209761,0.529366394539138,-0.25723642582813205,False,False,False,False,False,True,False,False,False,True,False,False
2023,1,0.7232630598237696,50.734075890621675,13.074167222299701,108.15230624013287,0.17800493268626721,-1.0285651484486498,False,False,True,False,False,True,False,False,False,False,False,False
2018,5,1.613440960225359,36.52339299868876,17.89962366074191,103.52831282650833,0.6850332757386325,-0.44371820552892227,True,False,False,True,False,False,False,False,False,False,False,True
2017,5,-0.5207317913982836,33.47878683228825,4.1544780616012265,94.2708814078408,0.7270415017630876,0.7980906964011155,True,False,False,False,False,False,False,False,False,False,False,True
2022,12,0.9984679046229995,46.76366564978269,11.512314987463554,109.54978799181681,0.708357651062924,0.8373860884208123,False,False,True,False,True,False,False,False,False,True,False,False
2017,2,-0.8751096421946959,4.75428130219683,12.79592032802034,87.01551622655728,0.7027068527769132,-0.5252846828114393,False,False,True,False,False,False,True,False,False,True,False,False
2019,4,-0.33312476588364065,50.26626458310763,13.636308062186805,102.56067311020604,0.8769077940467707,0.385981694087448,True,False,False,False,False,True,False,False,False,True,False,False
2025,3,-1.036726846758685,54.15053026407327,12.405336369890158,96.41528460153037,0.6378187635375048,-0.04296456195419612,True,False,False,False,False,False,True,False,False,False,False,True
2017,3,0.6211975594529023,36.85821752451292,11.233772772249882,94.56422057108745,0.701815876886843,1.5234538572959289,True,False,False,False,False,False,False,False,False,False,False,True
2023,11,-1.0023077666505982,58.87701528396512,18.989938388320937,96.58737976130521,0.43459153267422557,-0.5102153033613023,False,False,False,False,False,False,False,False,False,False,False,True
2023,10,0.12904232858723516,58.60589684976938,13.90045659969466,94.45946789376536,1.0,0.3122004566335367,False,False,False,False,False,False,True,False,False,False,True,False
2021,5,0.20866589896398288,31.602416104661756,15.146370813518544,103.98116062428961,0.22948228411935762,1.700018047741905,True,False,False,False,True,False,False,False,False,True,False,False
2022,9,1.199554469825827,17.914929146421024,15.9070762625147,115.21360835519351,0.5127819998443908,0.16788228482539208,False,False,False,False,False,True,False,False,False,False,False,False
2025,2,0.18095995742113172,44.98020713477592,10.026236077579936,101.62996983180905,0.6158846834459345,-1.2438447712985012,False,False,True,False,False,False,False,False,False,False,False,True
2020,8,1.4768086311982076,59.239249057221116,13.853332298065665,107.4217969599931,0.6133055982248198,0.06602234717647512,False,True,False,False,False,False,True,False,False,False,False,True
2025,3,-1.508373387331847,64.40682616207505,8.914218280297911,88.26429899397269,0.30869357535728503,0.2692328900921232,True,False,False,False,False,False,False,False,False,True,False,False
2017,5,1.4461041099431382,70.61706823985624,9.775758913786474,95.5003334936785,0.4505249205671411,-0.9362131890592592,True,False,False,False,False,False,False,False,False,False,False,True
2024,11,0.17062708361908155,49.6636353759533,6.1037485005905765,99.70979177187235,0.24337596113195153,-1.5446130968608422,False,False,False,False,True,False,False,False,False,False,False,True
2021,10,1.1582226687959571,38.75157452929495,12.737200425917987,97.24789087101357,0.47624710969747414,1.7220017623455741,False,False,False,False,False,False,False,False,False,False,False,False
2017,9,1.0153318243818528,62.90134271399113,14.366074166243571,96.33901316242995,0.6094904382589861,0.427416166147528,False,False,False,False,False,False,False,True,False,True,False,False
2019,8,0.7952302186437133,70.95005707922287,12.289708610309859,107.92123471288538,0.5937025259971221,-1.5020519232689415,False,True,False,False,True,False,False,False,False,False,False,True
2020,4,-0.4708738797157607,44.9917276100967,5.315533174394559,87.05907720931347,0.7827995486453404,0.5143400502063492,True,False,False,True,False,False,False,False,False,False,False,True
2024,9,1.9484265541011465,42.97516440028761,13.071004330946609,106.79403657045715,0.34746642240127446,0.0501993454265921,False,False,False,False,False,True,False,False,False,False,False,True
2025,12,-0.8947539873680995,25.796152820608633,17.437287178037913,108.1714847381462,0.6151581423157308,-0.9407944822975665,False,False,True,False,False,False,True,False,False,True,False,False
2022,9,1.1323159425473455,44.06197408125841,13.220603247851672,97.07015986838373,0.4157435253389693,-1.3602490209065226,False,False,False,False,True,False,False,False,False,False,False,False
2017,12,0.3202916840072248,50.22052737919156,15.955585927092041,111.85655230237133,0.5746082371738406,-1.1144114018925153,False,False,True,False,False,False,True,False,False,False,False,False
2024,1,1.9753431178455254,55.048163364139704,13.8240526665277,106.01266551316266,0.8943651769844088,-0.8325237401905758,False,False,True,True,False,False,False,False,False,False,False,True
2023,8,-0.600696627769337,46.62619568741012,16.3677990504689,105.52264804003693,0.6090167587475801,-0.09717893606704177,False,True,False,False,False,False,True,False,False,True,False,False
2022,10,-1.3292987229217992,46.0011595454809,16.119255395128594,100.40284424270644,0.6133026549647413,1.0072423105847592,False,False,False,False,False,False,False,True,False,False,False,False
2021,7,-1.0906599743692849,41.6724241347537,8.22716996483616,95.68243371787607,0.8827233877992633,-1.5535406174235262,False,True,False,False,True,False,False,False,False,False,True,False
2022,7,-0.17727466148399962,52.79124340535447,10.688301822322877,107.77483176466758,0.6174234788614498,-1.3710056062811726,False,True,False,False,False,False,False,True,False,True,False,False
2018,7,0.2725526229714672,69.90161900682189,7.211720306342283,86.09494844492575,0.6861264308290095,0.10136672470890502,False,True,False,False,False,False,False,True,False,False,False,True
2017,9,0.07498121798983637,31.77119803545899,13.39709511090098,95.40672723130902,0.6123971560309989,1.4406073691102246,False,False,False,True,False,False,False,False,False,False,False,False
2024,12,-1.2130338058486476,44.754120510308404,14.746352856033207,96.22266834762367,0.6999507905698075,-0.041749707501356106,False,False,True,False,False,False,False,True,False,True,False,False
2022,5,0.7772165364561262,45.4982736052248,15.327285694756174,104.39851024297057,0.4733745775173507,0.032037510311895445,True,False,False,False,False,True,False,False,False,False,False,True
2020,11,2.0703986089106223,38.96404880232313,11.504957343272489,95.89931895577915,0.8145610939058499,-0.27411219523462255,False,False,False,False,True,False,False,False,False,False,False,True
2019,10,-0.41958384265100146,32.06182278288327,8.768691997680438,109.82966451179388,0.33576765890504034,0.8528364648382424,False,False,False,False,False,False,False,False,False,False,False,False
2020,6,0.4389726404181848,80.81000432707764,10.96203985371944,94.50882114002093,0.6533997484354032,0.2124474277695408,False,True,False,False,False,False,True,False,False,True,False,False
2022,1,-0.34372867153785464,27.95837442920473,11.844383300288628,104.63356188750232,0.3301681750641356,1.2584715640140411,False,False,True,False,False,False,True,False,False,True,False,False
2017,1,1.7423138461962333,42.179962516969944,9.116521456533068,111.63219522420215,0.5220093755332343,-1.7661311658852938,False,False,True,False,False,False,False,False,False,False,False,True
2022,10,0.472451014355301,27.45588369129139,18.140433688088706,96.53244433637538,0.2948303742006703,-0.6071809255577043,False,False,False,False,False,False,False,False,False,False,False,True
2025,3,-1.3136281090041633,39.915115997782685,15.631428365494745,95.37559263570373,0.7488730999328006,1.2763835590745916,True,False,False,False,True,False,False,False,False,False,False,False
2022,1,-0.5714495709282644,58.33092361163472,11.782547731415422,85.01356562154112,0.5218518919998865,-0.49944686291588003,False,False,True,False,False,False,True,False,False,False,False,True
2018,6,1.4250793326254454,64.39319093967178,10.566662938039684,105.91660086567137,0.5627837257005566,1.1399852627282254,False,True,False,False,False,False,False,True,False,False,False,True
2021,3,-0.23492942824827223,46.34375079597076,8.20018658157849,101.66841684492701,0.6654948917550225,-0.2932677378278677,True,False,False,False,False,False,False,False,False,False,False,True
2021,6,-0.23689755911329374,41.22179746909719,7.419505708111523,108.26475535215647,0.4265105612399286,-0.06324481340103867,False,True,False,False,False,False,True,False,False,False,False,True
2024,6,-0.274854104030484,41.75769233658555,16.298716455397354,104.34484177898824,0.6533829266544584,0.6087343593944147,False,True,False,False,False,False,False,False,False,False,False,True
2024,4,1.5464338961560513,52.82182466293251,12.691441447964591,91.24685662695748,0.2854463796725114,0.059822147463227435,True,False,False,False,False,True,False,False,False,False,True,False
2018,3,2.018265543792186,62.0333358823271,11.105359862474337,100.75923796938633,0.9373166155324064,-0.19283277376787883,True,False,False,False,False,False,False,False,False,False,False,True
2023,3,-1.161310204722596,35.339590704605726,6.745029193659979,104.50603377797985,0.6947530899590814,0.12470506883758806,True,False,False,True,False,False,False,False,False,False,True,False
2022,3,0.8671818141120127,64.55087885311406,9.848229981988556,109.88757551147248,0.4979226332384056,-0.35211634338830183,True,False,False,False,False,False,True,False,False,False,False,True
2023,11,0.35982566628688983,30.476039733341114,6.406319491722659,111.4602955709658,0.6520395902310402,2.5114240168750044,False,False,False,False,False,False,False,False,True,True,False,False
2023,2,0.3934158051805228,14.948879354639175,9.758942119844548,103.67186320356852,0.6845422523035903,1.4069555777818088,False,False,True,False,False,True,False,False,False,False,False,True
2020,10,0.2228991630038379,59.478644998368864,13.55009223641165,101.35822770170479,0.4911987437047003,0.730067177405201,False,False,False,False,False,False,False,False,True,False,False,True
2019,9,-0.18739922090398406,28.968934411339177,11.479178272843608,111.75195052985826,0.38020595737084223,-1.2642341879976393,False,False,False,False,False,False,True,False,False,True,False,False
2018,6,-0.00791099012472641,61.86696450796338,11.6870246881203,110.41159789775604,0.16902743455671132,0.09864458147800159,False,True,False,False,False,True,False,False,False,False,False,True
2017,11,1.2214722002075706,61.01766366962926,9.644690540960768,99.64475161368655,0.5124039821429301,0.6773250139217691,False,False,False,False,False,False,False,False,False,False,False,False
2023,9,0.39314090314742434,55.72944550227213,9.497886028521318,110.81447986942369,0.6186398167224149,1.0545944376485756,False,False,False,False,False,False,False,False,False,True,False,False
2021,2,0.16414736007642475,34.48608711289824,7.973721296900492,92.07455718259328,0.7020272295343166,0.008831265167877921,False,False,True,False,False,False,False,False,False,False,True,False
2019,12,1.4107628543122044,51.486395127828935,11.621559913659826,105.70770208780166,0.6280704254019537,0.1299539566675541,False,False,True,False,True,False,False,False,False,False,False,False
2018,12,-0.3580542792106851,53.21681131904051,12.491571565484366,99.43715533916303,0.3746991841045524,1.930633377668805,False,False,True,False,False,False,True,False,False,False,False,True
2019,12,-0.4864223731992286,45.10246704664211,11.547949969841547,105.06090045201462,0.6220396430686941,-1.0851460564900364,False,False,True,False,False,False,False,False,True,True,False,False
2020,5,-0.6118048834597958,42.29755623202916,14.621912904299144,100.24648545399353,0.3158888510303657,0.3902514636605695,True,False,False,False,False,False,False,False,True,False,False,False
2019,6,2.5283564752089505,24.695506420871904,16.272247250090437,103.67819040355617,0.6684896689488098,-1.5834363028951444,False,True,False,False,True,False,False,False,False,True,False,False
2019,6,0.4607420101184635,63.891616256728156,11.022051160815732,100.05869660664898,0.6770192598515327,1.3897592151078182,False,True,False,True,False,False,False,False,False,False,False,True
2022,10,-0.8200112026395026,43.794455299687655,14.30506034539805,95.29285301674236,0.6955245527002025,0.24619970267879507,False,False,False,False,False,False,False,False,False,False,True,False
2017,12,0.6918640223370642,57.87335546475491,10.412856245973236,102.71351895302115,0.48086502335149717,0.3880098898307735,False,False,True,False,False,False,False,False,False,True,False,False
2020,3,1.0993517422876555,58.158975412750095,14.800799424240186,94.60236546988928,0.5116426309226654,0.7958220370380511,True,False,False,False,False,False,True,False,False,False,False,False
2019,4,-0.32187271018994457,42.094456519045764,3.1793236278371517,88.25118038782351,0.6799534966744154,-0.04060143522245945,True,False,False,True,False,False,False,False,False,False,False,True
2023,10,-0.46574800840536296,80.1304046043473,10.535472483922272,91.23875136069735,0.6135201857860035,1.0118211762355755,False,False,False,True,False,False,False,False,False,True,False,False
2025,3,0.9181462252078333,59.6946415007953,10.924634266574317,104.10046954779736,0.5356931971835114,2.4695667967271864,True,False,False,False,False,False,True,False,False,True,False,False
2021,3,-1.1463009057286688,21.45647656860032,11.374728482102531,107.40964690472536,0.5454436483152929,-2.0085948022004048,True,False,False,False,True,False,False,False,False,False,False,True
2022,12,-2.2253631870979826,41.017604818148236,19.469273253769252,115.6570249251047,0.64166131689692,-1.910428686386731,False,False,True,False,False,True,False,False,False,False,False,True
2024,10,-0.12267622111472039,82.0952261608657,12.090068577069399,104.59428356286446,0.4439307704551591,0.6704179527719332,False,False,False,False,False,False,False,False,True,True,False,False
2021,2,-0.5234466424801542,82.8006224139781,8.903956237452746,98.09072575215401,0.756161097496139,-0.22909546546596546,False,False,True,False,False,False,True,False,False,True,False,False
2019,7,-0.09235820683787886,62.17123072519578,19.68153160446959,101.65966992296087,0.36745012630365714,-2.0311008426043244,False,True,False,False,False,False,False,True,False,False,False,True
2018,1,-1.3166414286580101,29.242302592316207,13.78626019169907,98.85340720920935,0.6276520355824036,-0.479012111846559,False,False,True,False,False,False,False,False,False,False,False,False
2025,2,0.18807403429903718,29.300290011444563,19.796343649313314,97.18211904804272,0.40143433670366235,0.1881306671883057,False,False,True,False,False,False,False,False,True,False,False,True
2022,3,-0.18617106266411843,62.5956490483995,8.521113745009055,91.77606633917898,0.3122421215052178,-0.3126055311799197,True,False,False,False,False,False,True,False,False,False,False,True
2017,8,-1.454627597036103,49.01152943286673,11.333365881576803,115.6513741858766,0.7391525309611706,0.6606743221179475,False,True,False,True,False,False,False,False,False,False,True,False
2024,10,0.6195652061255426,47.43958780671696,11.03383358152816,99.67494728033215,0.7880182614417091,-0.7049459469369983,False,False,False,False,False,False,False,True,False,False,False,False
2023,5,0.7958719880221928,58.15984421483928,11.862983910983383,108.19918005553711,0.5442771735684612,-0.7165359788295381,True,False,False,False,False,False,False,False,False,False,False,True
2020,8,1.0716318398890723,33.258380109734944,10.736753760116098,103.20099065860192,0.4131712874231157,0.3299655735312294,False,True,False,False,False,False,True,False,False,False,False,True
2025,5,-0.2587263863874374,48.72357544362627,11.059928836547357,103.00115543445688,0.8289374895494125,-0.25165304156640084,True,False,False,False,False,False,False,True,False,False,False,True
2021,6,1.892168830399606,48.779221932766745,9.60815498623941,104.85326699872687,0.6407368311852368,0.5625518619073462,False,True,False,False,False,False,False,True,False,True,False,False
2024,12,-1.3725142171743974,27.857348400321975,18.882861587619733,97.55616205409916,0.16850927011004363,0.8823137950296952,False,False,True,False,False,False,False,True,False,False,False,True
2024,4,0.5633988376627469,39.006959251571175,12.351861660800228,92.93039860114555,0.5870829248095877,0.015403994491450964,True,False,False,False,False,False,False,False,False,False,False,False
2025,8,0.13669920332721244,53.7259109756981,12.80433106890523,110.36972545231089,0.3339888919685571,-0.7060707378823271,False,True,False,False,False,False,False,True,False,True,False,False
2023,3,-0.13382985775503398,31.231418216075127,17.309811656485397,100.68306047763052,0.5458676115792435,-0.5668085471070716,True,False,False,False,False,False,False,False,False,False,False,True
2025,8,0.09226560014317738,67.49850702655938,12.772513525784369,99.11958984446012,0.520098296350695,1.0703728842357088,False,True,False,True,False,False,False,False,False,False,False,True
2018,5,1.7143146799843163,69.30149005935581,3.6223406156323983,106.8892231759123,0.7434930131005538,-0.7853096953500125,True,False,False,False,False,False,False,False,False,False,False,True
2021,6,0.2056589208860058,45.557816117136596,11.691610647490151,100.17586184457586,0.8683025304862503,0.6054010330667036,False,True,False,False,False,False,False,False,True,True,False,False
2018,9,-1.9118151597515047,51.44190784088459,10.715169172216552,81.13740003680034,0.7074449290058645,0.3282242093337605,False,False,False,False,False,False,True,False,False,False,False,True
2018,11,-0.057554662465918886,77.54635561120134,15.582403587154158,90.96627132237252,0.6930644230265253,-1.0079153247547583,False,False,False,True,False,False,False,False,False,False,False,True
2021,8,-1.0334955314604064,68.03791351471853,13.843709996378456,102.43440859713297,0.48531595324435023,0.7378903512166558,False,True,False,False,False,False,True,False,False,True,False,False
2023,2,1.7180999962398222,51.36634950177541,9.551479625813466,92.19621622985993,0.7157703597528778,-1.197598257754914,False,False,True,False,False,False,False,True,False,False,True,False
2022,2,-0.6477276430783137,42.39212535303728,15.332136380622114,87.9785523843456,0.46414396446621786,0.8912069925461823,False,False,True,False,False,False,False,False,True,False,False,True
2017,10,-0.3378373313502621,50.828588889333,8.737211788847066,111.96235735351217,0.927153312027525,-1.4433404427280552,False,False,False,False,False,False,False,True,False,False,True,False
2021,6,-0.23013619311163766,44.48450568130509,3.4728046847441276,110.518393035005,0.4737324972968786,0.10316448497421116,False,True,False,False,False,False,False,False,False,False,False,True
2023,2,0.10768631949496932,59.4213774224774,10.980969629033055,106.43069138100292,0.27212822549809196,-1.6582006485990783,False,False,True,False,False,False,False,False,False,False,False,False
2025,12,0.5666839069710864,48.34318983038429,11.784206994643498,110.24743628223246,0.45181843182479947,1.8867033904376027,False,False,True,True,False,False,False,False,False,False,False,True
2021,2,-0.5991977350329224,49.70509719372369,6.581423618364012,90.33459451455064,0.6205774249467608,-0.25804732657090645,False,False,True,False,False,False,False,False,False,False,False,True
2025,5,0.9873230940269508,44.76358754990124,12.63715538823751,88.84614645959827,0.5893071638956556,2.689606059597463,True,False,False,False,False,False,False,True,False,False,False,True
2025,5,0.24917050128817964,56.891083300131264,9.859568069453136,118.41648058744062,0.5913112734223138,0.36583329266431464,True,False,False,False,False,False,False,False,False,True,False,False
2022,6,-0.1044110411356732,61.26049972517116,10.294182394147734,105.89873548474354,0.5261815278711335,0.5271808107719738,False,True,False,False,False,False,True,False,False,True,False,False
2019,5,0.4461378272397865,66.18252371389912,17.0597944161352,98.53450386163327,0.47059493470523883,0.5244517448747253,True,False,False,False,False,True,False,False,False,False,False,False
2019,5,-0.2135874578832405,87.13127209396913,12.022477909131497,98.00473674563794,0.3447222211916693,0.790560560649339,True,False,False,False,True,False,False,False,False,False,False,True
2018,2,0.5760695035613909,40.87477099951316,11.095697768529687,104.24325167373155,0.6930868577905025,2.3626175577868724,False,False,True,False,False,False,False,True,False,False,False,True
2022,6,0.1233094044424584,58.84025752457512,9.644624763809322,115.84709120337571,0.29649038648576925,-1.2953476708655824,False,True,False,False,False,False,True,False,False,True,False,False
2017,1,-1.5258569827326718,68.41176945212983,11.081023422532576,99.63490473062862,0.6703810769096736,0.3754920484318922,False,False,True,False,False,False,True,False,False,False,False,True
2023,6,-0.11912503371633071,36.97082614336574,7.867956589732519,96.5936989098193,0.5243044185434492,1.368399342050404,False,True,False,False,True,False,False,False,False,False,True,False
2023,9,0.15793334883469554,47.57561353962744,14.200416074632145,103.07108643525888,0.7506183683585598,-0.006411752877750488,False,False,False,False,True,False,False,False,False,True,False,False
2023,3,-0.419784377516816,73.48682823858476,14.741805089556442,105.28388179221427,0.42429874625698044,0.8935570213583215,True,False,False,False,False,False,True,False,False,True,False,False
2021,2,1.4904416141005241,55.00403457011822,19.41783190454314,99.79986621745186,0.3447256565127925,0.945877088714622,False,False,True,False,False,False,False,True,False,False,False,False
2023,3,0.611061200073943,58.42766627357859,8.009711904846586,89.46750543966336,0.6506880106931175,1.8268443208509975,True,False,False,False,False,False,False,True,False,True,False,False
2018,12,0.36388700382157313,38.82203793767806,10.999382218295878,103.12175488467311,0.498681315516474,-0.25941169847577666,False,False,True,False,False,False,False,True,False,False,False,True
2020,9,0.5714492255163438,47.70089314306651,11.031517617039832,120.84789030687463,0.5431600244790499,0.6741977605660634,False,False,False,False,False,False,False,False,False,False,False,True
2019,4,-0.7221222702285907,65.7683896058889,8.785664804506904,102.70237499709593,0.40199985257900583,-1.3403827876817327,True,False,False,False,True,False,False,False,False,True,False,False
2017,7,-0.4010438174190893,56.33142898317757,8.798110458545953,86.22781807204818,0.5805294329673933,0.27306585597577754,False,True,False,False,False,False,True,False,False,False,False,False
2024,12,-0.8095174571305996,30.058222780063883,9.073450056528968,101.82233040097769,0.7334067180101131,1.0325621693267832,False,False,True,False,True,False,False,False,False,False,False,False
2023,4,-0.29917347918958953,48.03345716067055,5.766500790088473,109.89085534461843,0.6929058842211605,-0.5038587954843133,True,False,False,False,False,False,False,True,False,False,False,False
2019,10,0.4103687026715378,63.87949345954364,13.255930828786752,94.5919443062096,0.35126576163874934,-2.3135219905597757,False,False,False,False,False,False,False,False,True,False,False,True
2018,6,-0.03018485714585262,64.34191872162583,16.012934309169793,107.81525811321839,0.8053237824957553,0.4699964857392591,False,True,False,True,False,False,False,False,False,True,False,False
2025,3,1.4851563449378529,72.48457493661307,13.607663666165958,106.10185658546273,0.5067945821405369,-0.29166686096702593,True,False,False,False,False,False,False,False,False,False,True,False
2024,11,0.5743542832792355,72.17047691490446,9.511722731380136,108.1736288937609,0.2539601140619758,-0.31063460417164707,False,False,False,False,False,True,False,False,False,True,False,False
2017,3,0.40524009130643124,34.03194462866003,11.901795621437754,98.02949021134215,0.5132864427413549,-0.4423480511189051,True,False,False,False,False,False,False,True,False,False,False,False
2019,2,0.24301756134819305,47.59068289818846,12.40286557535786,101.54010409704887,0.6835479267682444,0.9126406596059781,False,False,True,False,True,False,False,False,False,False,False,False
2024,4,1.2213561293133421,49.42909814836987,10.785433820651917,109.45185515140201,0.6001552940874735,1.2552977728008514,True,False,False,False,False,True,False,False,False,False,False,True
2022,3,-0.5278091463598945,26.50827779438003,12.885163172034122,97.58557160019443,0.5569788394640859,1.3787703391491681,True,False,False,True,False,False,False,False,False,False,False,True
2022,3,0.8679799343482604,46.00122673065294,17.909799183295256,105.55687307516463,0.5957637285300723,1.538319636632596,True,False,False,False,True,False,False,False,False,False,False,False
2022,5,0.4337691222144516,42.59626623007899,12.581062890439203,91.29596333546965,0.6410906236887463,-1.2170437000299426,True,False,False,False,False,False,False,False,True,False,False,True
2023,6,0.38287113537147105,65.58715747226272,14.466430813038919,106.6753539382012,0.4951431187982215,1.7502336828022196,False,True,False,False,False,True,False,False,False,False,False,True
2023,9,-0.719085478888462,50.968519615810855,16.80657697089456,103.04880075687888,0.19227222982477044,0.8000506705236631,False,False,False,False,False,False,False,False,True,False,False,False
2025,7,-0.8942720041535557,57.776179438019966,17.867567909011555,91.27385317857312,0.8684468509634564,0.30680493510414963,False,True,False,False,False,False,False,True,False,False,False,True
2022,11,0.3973283082628641,55.69614313441941,11.271473474454757,100.1184561458421,0.7218720794941994,-0.1837499538705739,False,False,False,False,False,False,True,False,False,True,False,False
2025,7,0.9213301978776851,62.14677140417328,9.034628051276286,107.51114086978943,0.42067402657104647,2.3390529955826267,False,True,False,False,False,False,False,False,False,False,False,True
2019,1,0.9621645431462449,16.970471057912015,18.74880068938622,95.75460861271115,0.507084759305742,0.5818148188788365,False,False,True,False,False,False,False,False,False,False,True,False
2025,7,-1.526585856687684,52.48932972353077,18.804621438254618,95.34462710438116,0.6793853628093363,-0.34732387401956655,False,True,False,True,False,False,False,False,False,True,False,False
2023,6,-1.34430712352563,61.1585281057173,17.088833277751476,101.81737736460384,0.5027705134901347,0.6902555612776734,False,True,False,False,False,False,False,False,True,True,False,False
2024,4,1.2251614550998557,47.146656225153514,10.72756989129991,90.7127955325729,0.4836695601948018,-1.4544127529070021,True,False,False,False,False,True,False,False,False,False,False,True
2018,11,-1.6864767061901427,53.00599250720439,11.83914884280201,98.9190719365972,0.5547809234765841,-1.519387088057646,False,False,False,False,False,False,True,False,False,False,False,True
2017,11,0.5587978521423151,41.92744675177393,13.486802110083026,98.08568022498876,0.804435609852354,2.0618382385011476,False,False,False,False,False,False,False,False,True,False,False,True
2019,12,-1.5410729965013943,50.282927700874275,15.62591845343564,93.71683171247841,0.8553951420656023,-0.7192333145470888,False,False,True,True,False,False,False,False,False,False,False,False
2021,12,-0.7038793410497978,73.09777229795367,18.225287670714827,98.69157603899131,0.37946653079699344,-0.03304669295836457,False,False,True,False,False,True,False,False,False,False,False,True
2020,5,0.2873106025759928,39.51625493889992,18.44822178383912,90.28456976867892,0.7635043206938638,1.0992158208098344,True,False,False,False,True,False,False,False,False,False,False,False
2024,2,-0.4349584991361448,33.145665956750214,21.83089232362078,106.53240102556174,0.6998082478314185,2.822111783859559,False,False,True,False,True,False,False,False,False,False,False,True
2021,12,0.9907617345678559,49.26418589807953,21.27298398801145,81.5967122239365,0.5793823753691246,-1.0080205171315602,False,False,True,False,False,False,False,False,False,False,False,True
2024,2,0.7192752369203216,38.2022732900138,17.57001645962132,99.53541616528597,0.6679794729645444,-0.8429288013477375,False,False,True,False,False,False,True,False,False,False,False,False
2021,8,-1.1864479781925572,74.13747453241375,18.151057703826616,109.23044904198854,0.20148068558244275,1.8678960782240706,False,True,False,False,False,False,False,False,True,False,False,True
2021,2,0.848406448962838,80.60740121486806,13.88279527277983,96.05885316173843,0.673379074317105,-0.8399214574910292,False,False,True,False,False,True,False,False,False,False,False,False
2023,3,0.777355062737863,40.75674131036649,13.037023304293372,99.21955630757942,0.5289923316007141,-0.28492944258331016,True,False,False,False,True,False,False,False,False,False,False,False
2021,12,-0.3992910617499062,47.21616982693924,17.52809030031946,103.44058556408031,0.3149888370561496,-0.03355694037415523,False,False,True,False,True,False,False,False,False,False,False,True
2019,11,0.2961695846287402,59.17031630387312,18.485481447179534,98.31136149056375,0.550443130405771,1.1413721047344205,False,False,False,False,False,False,False,False,False,True,False,False
2018,3,0.9040649493002597,73.39590698751935,6.5049810278787525,102.538739721955,0.6818157643580077,0.6582079780516632,True,False,False,False,False,True,False,False,False,True,False,False
2019,3,-0.7051912089293261,56.77594018435274,12.106148687886229,90.66952507388731,0.7084158142337154,0.2664700886364802,True,False,False,False,False,False,True,False,False,False,False,True
2025,8,0.2533979172212008,28.859459186621873,9.295501428159016,95.00862167373674,0.7315931512486228,-0.2627864997617623,False,True,False,True,False,False,False,False,False,False,False,False
2023,12,1.535907049242632,32.10295946434613,10.483292979994179,98.31688092887373,0.7121424263480262,0.9585748535381327,False,False,True,False,False,False,True,False,False,False,False,False
2024,8,0.20535568225145748,33.758895291560606,8.397555612547373,92.70821198834957,0.8321156391033786,0.4474559002894586,False,True,False,False,False,False,True,False,False,True,False,False
2017,2,-0.513451987049109,54.859094631290276,15.327327393909146,84.08982365268051,0.3774810316479419,0.8154365012788337,False,False,True,False,False,True,False,False,False,True,False,False
2023,8,0.45192228339364876,48.410273000168196,12.037979536690775,103.35611430757363,0.6380370458613648,0.47543801152736886,False,True,False,False,True,False,False,False,False,False,False,False
2021,6,-0.2353799928129901,39.92316650033787,16.829180335638224,92.29106348199134,0.48732345147959877,-0.6491154690359697,False,True,False,False,False,False,False,False,False,False,False,True
2017,9,-0.45375773476274617,39.47194244673547,8.165716802769484,103.2448181076982,0.670587053717776,0.46301484795967973,False,False,False,False,False,False,False,False,True,True,False,False
2024,12,-0.579619967676225,66.45779111234351,8.335902047185424,97.19228062744818,0.6742584814804873,-1.6843747928095578,False,False,True,False,False,False,True,False,False,False,False,False
2019,10,-0.1499356004675666,32.51507990141431,16.620737799146116,99.98876313854149,0.4554634147128448,-0.05598858916824332,False,False,False,False,False,False,True,False,False,True,False,False
2025,1,-0.23660552444832925,52.715083050962704,15.371604085698651,96.89625542113804,0.5499789311573765,-2.2322481303512967,False,False,True,False,True,False,False,False,False,False,False,True
2020,11,-1.3360617550554057,47.4054268060257,10.8418840478104,96.63801798031048,0.6494997067517574,0.019645723071779902,False,False,False,False,False,False,False,False,False,False,False,False
2018,7,-0.647047639408727,40.60714446311414,2.982736434851657,88.91397616847559,0.7738014705352494,0.43929642630934557,False,True,False,False,False,False,False,False,True,True,False,False
2025,2,1.1345324486972188,47.06144637510536,12.65984805786089,112.0161299636018,0.43293426807306457,0.35959645428368786,False,False,True,False,False,False,True,False,False,False,False,False
2025,3,1.091906435761852,77.07053294383915,18.030564758297654,99.67022038242942,0.3885818199366575,1.7246477095904997,True,False,False,False,False,False,True,False,False,False,False,True
2021,12,0.1554642443691435,34.63662093352937,19.9157985159117,91.02027980131108,0.48143959629771776,-0.008296767619785253,False,False,True,False,False,True,False,False,False,False,False,False
2019,2,-0.47720662894486526,56.026224197071734,4.535677530648918,104.27072813259949,0.6904133110446157,-0.16863938402966697,False,False,True,False,False,True,False,False,False,True,False,False
2025,4,1.411167174149276,48.73177462649539,3.190702428992111,100.37275333684828,0.5831505083834407,-0.8611898534143274,True,False,False,False,False,True,False,False,False,False,True,False
2024,6,0.16372225505801816,91.30365823510006,22.36105583025781,99.80493318164838,0.6931965336700991,0.3625347427666591,False,True,False,False,False,False,False,False,True,False,False,False
2025,9,1.1024665143680576,44.72895097991778,15.395164360308756,102.07651142576034,0.6640324252992856,-2.1922185694208616,False,False,False,True,False,False,False,False,False,False,False,True
2019,6,0.8004183579152141,39.958141801841776,12.570506670800562,108.58698256104503,0.648617242503712,-0.34859948840839855,False,True,False,True,False,False,False,False,False,True,False,False
2023,2,0.7402843336529155,75.29686424873746,11.225274056289583,103.62155386299482,0.5757626950823652,-1.1890467646171878,False,False,True,False,False,False,False,False,True,False,False,False
2024,11,-0.5500155783725553,59.946685715985964,2.9559462727040624,98.62158916169454,0.9785277149236771,1.2808327565132032,False,False,False,False,True,False,False,False,False,False,False,True
2021,4,-1.8396549898024643,41.02161990642982,10.92187211680221,94.1253058017781,0.591831813234558,1.7214234891089006,True,False,False,False,False,False,False,True,False,True,False,False
2022,2,-0.9835804969268109,70.6986920104561,14.623997025570349,107.13869229704731,0.9070328284000407,1.37567835171567,False,False,True,True,False,False,False,False,False,False,False,False
2023,11,0.7593337714584683,55.515548437695706,16.716868911592965,87.14473110990042,0.17888026556024877,1.2396882445084165,False,False,False,False,False,True,False,False,False,False,False,False
2025,10,0.3717676405528632,77.9373825807856,14.410160159088269,97.9814075472693,0.7660462205836217,-0.08623455466860809,False,False,False,False,False,True,False,False,False,True,False,False
2019,10,-0.17293311283992888,53.010602872424016,3.226431167667495,111.8374098363106,0.5767549092032812,-1.331113844742068,False,False,False,False,False,True,False,False,False,False,False,False
2019,3,1.5263031999864394,49.10141093484256,12.592727594622044,109.80457218172108,0.7963529773245501,-0.9926626572282403,True,False,False,False,True,False,False,False,False,True,False,False
2020,12,0.051554563324959245,54.928765122854635,11.015714860979035,88.51498820399581,0.6085301573900304,1.2911403848681489,False,False,True,False,False,False,False,True,False,False,False,True
2023,5,0.9379989450534133,61.291766560465575,11.726453663784485,111.76596372391032,0.6353899434559853,-1.785261802225653,True,False,False,False,False,False,True,False,False,True,False,False
2024,7,-1.1382639842752136,65.71776656821984,4.528924973282415,103.60125855160676,0.6765032420119751,1.1239685543676947,False,True,False,True,False,False,False,False,False,False,False,True
2022,10,1.1249328357046429,43.69819912459743,12.70862963878657,98.06291385456498,0.5126190464788105,0.2985560436456747,False,False,False,False,False,False,False,False,True,True,False,False
2017,3,-1.0110037937149083,42.10710881012193,6.898518748052047,112.38321612442175,0.5872594637601405,0.10243971572915438,True,False,False,False,False,False,False,False,True,False,False,True
2022,9,-0.5443217922727491,60.67940257015106,8.78914178309232,106.26705799082164,0.49226450392468313,-1.282592000298381,False,False,False,False,False,False,True,False,False,False,False,False
2020,10,0.3389618992411148,51.19105722793577,6.388876140107065,97.87531936736647,0.20875389006049194,-1.7105524961850338,False,False,False,False,False,False,True,False,False,False,False,False
2018,2,-1.3816313239350773,47.5843957880587,12.764287775076175,92.95645133593639,0.6466789893633236,2.0998659234748756,False,False,True,False,False,False,True,False,False,False,False,True
2017,10,1.0017092200148388,66.73103994645419,11.932075975462755,100.24744693867781,0.35916977892376706,-0.4808332298604204,False,False,False,False,False,False,False,True,False,True,False,False
2021,1,-1.8560206898867897,75.11538860280233,4.51622893672178,120.79222515832443,0.9454046961394804,-1.0475619506479805,False,False,True,False,False,False,False,True,False,False,True,False
2018,3,2.8000859359143266,58.49611824007409,4.4199854071258935,85.60204534587683,0.640147459977805,1.764828784603602,True,False,False,True,False,False,False,False,False,False,False,False
2021,8,0.6257445430895879,44.272982534342326,14.792657097485892,92.86788655738177,0.28345915697094376,-1.1267750469893425,False,True,False,False,False,False,False,True,False,True,False,False
2019,1,1.5275320647572548,53.06331388432453,11.46983460728038,103.28178018886788,0.7502406153879121,-0.42240938607498574,False,False,True,False,False,False,True,False,False,False,False,False
2025,11,-1.7740966972843037,39.76634305800425,11.890943896229189,96.42918055328914,0.6714952748107759,-0.2839091404526765,False,False,False,False,False,False,True,False,False,False,False,True
2021,9,0.6236420996116513,65.13190308863199,17.09994791325435,111.26664284238097,0.5305844707662475,2.922803309238031,False,False,False,False,False,False,False,True,False,False,False,False
2019,8,-0.39036432459966475,53.483698890857866,16.691006098980644,100.93825834858971,0.5418458572261524,0.5019970879162784,False,True,False,False,False,False,False,False,True,False,False,True
2023,10,0.7590371449850357,52.91608815410852,14.64534812208397,103.41142523300798,0.6165201250000598,0.8667284028007121,False,False,False,False,False,False,True,False,False,False,False,False
2021,10,-0.09583449964285712,50.25143685892922,7.8326146450216,99.4876664747918,0.44382363480868264,0.3882766393074978,False,False,False,False,False,False,False,False,True,False,False,False
2022,2,1.188336538358937,62.49426811434027,8.090157308962812,99.11026301013865,0.8702308374141489,0.23143333070436067,False,False,True,False,False,False,True,False,False,False,False,False
2021,10,0.8866900754060961,38.89738843558659,11.971102990068589,105.98419846146,0.47208034738530547,1.5348093245984886,False,False,False,False,False,False,True,False,False,False,False,True
2019,5,-0.44679740613887026,48.55685207160835,10.85667188952635,106.9695273129163,0.4471671451837448,-1.2350962446963178,True,False,False,True,False,False,False,False,False,False,False,True
2020,6,2.0225894046649007,44.127013493668585,6.02362387592725,114.21560674270555,0.5461160650092515,-1.4902865899118987,False,True,False,False,True,False,False,False,False,False,False,True
2019,11,-0.6424266797084363,25.5027809627207,9.445272877212558,101.77583783056804,0.6787250927181868,-1.284487585986946,False,False,False,False,False,False,False,False,True,False,False,False
2017,4,0.3416908859581642,70.59882712460711,8.109916899344919,114.64039330522827,0.4812078310507839,0.31025372726349426,True,False,False,False,False,False,True,False,False,False,False,True
2017,1,0.1212405446770433,36.34941666198279,12.518914471954401,102.49954353662453,0.3739912742986393,-1.313558178184649,False,False,True,False,True,False,False,False,False,True,False,False
2019,4,-0.942118821850772,29.56906735123317,8.493206283965073,91.23251093202616,0.6583665699914517,1.5516772609549183,True,False,False,False,False,False,False,False,True,True,False,False
2020,11,1.214721474497781,56.29995125104988,11.447057693457612,95.37988100793243,0.5603080884197115,0.6475720998400183,False,False,False,False,False,False,False,False,True,False,False,False
2019,2,-1.5374429491266413,64.09858798768485,13.113593265244004,91.93312502925968,0.503277163188194,0.6461164549466722,False,False,True,False,False,True,False,False,False,False,False,False
2023,3,0.8117590984793583,32.47603446022923,9.333080402588772,123.06626844624662,0.41159130294172175,-0.11908383760119232,True,False,False,True,False,False,False,False,False,True,False,False
2021,4,0.3784669392929856,36.333461823934265,14.951876412679866,101.74856999419194,0.6000618195512885,-1.489062282225359,True,False,False,False,False,False,True,False,False,False,True,False
2022,5,-0.25257403799120237,63.83683599854311,5.988513528210053,112.60028619930016,0.49969585568091335,0.9151359035853165,True,False,False,False,False,False,True,False,False,False,False,True
2023,10,1.2745906653813397,39.208942704695374,13.071593643363405,104.02898976021851,0.45777696093299713,0.6362150880843536,False,False,False,False,False,False,False,False,False,False,False,True
2017,7,1.2871702425080878,33.07683941441375,11.723778626473715,99.93779577140523,0.8139873723729327,-0.05686014709491926,False,True,False,True,False,False,False,False,False,False,False,False
2022,2,-1.2015194659187214,59.88080430525636,9.476521818904619,104.11559567552848,0.7240305072116578,-0.8375569780252101,False,False,True,False,False,False,False,True,False,False,False,False
2025,7,-1.0838962896056503,65.93971046047706,5.577251523132905,100.79073164047719,0.47952702291870886,-0.07444949739319742,False,True,False,False,False,False,True,False,False,False,False,True
2017,11,-1.5852546226077653,69.34858290142506,14.963350124551441,109.3778970789102,0.7458591326951497,-1.1990000349468184,False,False,False,False,False,False,False,True,False,True,False,False
2025,5,-0.0048283722766100075,77.02463906519759,10.865061099537836,107.13801181579662,0.9023374003452387,-0.5702833418123653,True,False,False,False,True,False,False,False,False,False,False,False
2019,5,0.4598303064648266,73.26607106983542,15.5159468774359,96.39132076936592,0.3187674784693274,-1.074970953608707,True,False,False,False,False,False,False,False,True,False,False,True
2017,5,-0.4131099527967148,39.81983507156032,20.810646394909664,109.55315114031674,0.35866597737018124,0.8834424010104657,True,False,False,False,False,False,True,False,False,True,False,False
2023,4,-2.023085253033059,50.12146717023288,16.394629468574447,97.42930115882346,0.8155246792316267,-0.32526232929330307,True,False,False,False,False,False,False,False,False,False,False,False
2022,11,0.012345457426139817,68.9522501627347,12.922401334701503,91.56311239068985,0.8870586000802878,0.9816556346188225,False,False,False,False,False,True,False,False,False,False,True,False
2024,9,0.4837013936085136,45.65503175261854,11.828767122171058,104.43487923999174,0.5864605112280661,0.6479384810802233,False,False,False,False,False,False,True,False,False,False,False,False
2024,10,-0.8060674729515649,71.958896067715,14.628261130866493,104.31402064206466,0.4188838964361419,-1.530032729227635,False,False,False,False,False,False,True,False,False,False,False,True
2019,7,0.1523003725473193,10.42582885563337,10.602407204909621,116.91228509682202,0.26213719851430084,1.4013590766363295,False,True,False,False,False,False,False,False,False,False,False,True
2023,6,1.7609023861276074,60.907538745204235,14.382074805556652,83.6201960582855,0.6587754378340763,0.4665888170021589,False,True,False,False,False,False,False,True,False,False,False,True
2023,9,0.8918975755070955,63.47257685760935,18.872789276069582,100.57651481991637,0.8230144179980712,0.6143956225060794,False,False,False,False,False,False,True,False,False,False,False,True
2024,8,0.6245484258883623,39.694988991291375,16.380500269151764,109.18522120743373,0.5031267567625933,2.4904398698799954,False,True,False,False,False,False,False,False,True,True,False,False
2023,11,0.3071083625824217,48.78670319457302,14.92853386343862,103.8345629563623,0.35043237937675986,2.2181070076744334,False,False,False,False,False,False,False,False,False,False,False,True
2020,4,0.7261290561155536,13.590376328072658,14.796440226850361,100.39881126852698,0.5122776946467995,0.09469814704959638,True,False,False,False,False,True,False,False,False,True,False,False
2020,6,0.7045764170575515,35.994938233731474,15.042545274506992,99.10645786796685,0.5886487714699563,-0.7957262027088433,False,True,False,False,False,True,False,False,False,False,False,True
2023,6,-0.2490347059438028,51.137068369388786,9.153236251676311,99.70162837634788,0.8845455909549209,-0.9916245447619685,False,True,False,False,False,False,False,False,True,False,False,True
2024,9,-0.013111430996670575,56.66590105366506,10.07793136562016,96.64188376381571,0.719148823624584,-0.692425551419969,False,False,False,False,False,False,False,True,False,True,False,False
2020,8,0.16673516963335916,38.768630185705064,4.98521740430657,95.49458270143359,0.7503469534889673,-0.6369928980212063,False,True,False,False,False,False,False,True,False,False,False,True
2023,5,0.5042075185344578,64.59484156173811,11.827777979228596,101.85954475204775,0.5495709322437166,0.8439522991711713,True,False,False,False,False,False,False,False,True,False,False,False
2023,2,-1.0305155023876045,41.5689218733482,17.776899145864412,97.71799653921673,0.3264643232863439,0.9464003174496751,False,False,True,False,False,False,True,False,False,False,True,False
2025,1,1.8464398509114404,73.76900284705295,10.84291395165164,108.00195649933407,0.8015353788482097,-0.6451357211235694,False,False,True,False,False,False,False,False,True,True,False,False
2019,7,-1.3263486680493446,89.85214237205,6.369138705554243,96.18344908340872,0.5403349995035016,0.31557219784948487,False,True,False,False,False,False,True,False,False,False,False,False
2022,10,-0.6163570532651123,50.26709932229967,10.929586472729646,92.8170885704549,0.4821942901758113,0.7380441057123723,False,False,False,True,False,False,False,False,False,False,False,False
2017,10,0.48820463973357225,31.200166564675566,3.9269092820295874,99.77113571796983,0.5179841607586636,-0.6771418191301696,False,False,False,False,False,False,False,False,False,True,False,False
2019,2,0.2730941056315511,33.476468293327905,7.569352130596797,105.41423822350494,0.5148282872342659,-0.35472025149075065,False,False,True,False,False,False,True,False,False,False,False,False
2025,9,-0.30292579390564206,30.31999978133314,12.985459522381932,88.5352719455707,0.6623183728653723,0.12582928383100775,False,False,False,False,False,False,False,True,False,False,False,False
2024,11,-0.6484181249684061,58.15860803887119,13.798592945871174,89.06301173990775,0.9744637357600853,0.4372345438651721,False,False,False,False,False,True,False,False,False,False,True,False
2025,6,-0.26434369726567053,65.73902523328715,2.2243913167606717,102.23015019685974,0.7596177337078363,0.035005756152338266,False,True,False,False,False,False,False,False,False,False,True,False
2023,11,0.4257145945849076,45.80108260695718,6.099361639102036,101.35851926996878,0.44321514537129136,1.5796678268932107,False,False,False,False,False,False,False,True,False,True,False,False
2020,11,0.3709882249395528,60.00600275787425,8.083544322516639,97.6200716144065,0.7915654622340058,-1.18467980019154,False,False,False,False,False,False,False,False,True,False,False,True
2021,5,0.6414329847337166,56.65829945475088,10.191904547395165,103.01049576051021,0.8405959871750457,-1.4567561169159648,True,False,False,False,False,False,True,False,False,False,False,False
2018,6,-1.4226006487830172,33.91922341439483,14.588320647834307,96.07378365794587,0.4833028202349771,0.9882723359171489,False,True,False,False,False,False,False,True,False,False,False,False
2023,2,-0.5851840765266658,49.89025800957579,10.92928239345813,98.70665875370442,0.2632681854869003,1.2017247703113458,False,False,True,False,False,False,False,True,False,False,False,True
2017,3,-0.8885846247569626,59.33442959087564,1.0105357053549335,90.24197797567554,0.6005758972294771,-0.2099209948637558,True,False,False,False,True,False,False,False,False,False,False,False
2017,8,0.848865922635439,62.455966236613136,12.379958076842092,111.702041534885,0.41016662036193674,-1.4450278570766606,False,True,False,False,False,False,False,False,False,False,False,True
2025,2,1.1219110690741252,36.231142923615025,11.377436827224816,84.6130617882159,0.5407834777825682,-0.4335988017356828,False,False,True,False,False,False,False,True,False,False,False,False
2025,2,0.005323006627107235,29.491806630470027,15.18026800895145,95.47462114239953,0.8453663561896214,0.49631439555678053,False,False,True,False,False,False,False,False,False,False,False,False
2021,1,-0.3111992442315934,55.17225616834682,4.456835282102856,91.53903684299544,0.6346669085788583,-0.6787628729596047,False,False,True,False,False,False,False,False,False,True,False,False
2022,8,1.7182372414513813,38.892118831245554,10.48951761916024,86.18518244978014,0.5772078873684217,-0.9091757978652422,False,True,False,True,False,False,False,False,False,False,False,False
2025,4,1.1548853107256827,22.911386462317683,17.031337792855428,73.9410588586674,0.37890481407036525,0.618969138823701,True,False,False,False,False,False,True,False,False,False,False,True
2021,2,0.0167507090717422,56.467746890588444,8.160987535529877,98.84814440142273,0.7997372495510684,-1.0798775633268254,False,False,True,False,False,True,False,False,False,True,False,False
2021,9,-2.123874919888356,43.16834505995524,9.913294779690428,96.50990602282074,0.3977998026231652,0.8057915963088538,False,False,False,False,False,False,True,False,False,False,True,False
2017,3,-0.3003179731610725,43.25536863991792,14.462505110211781,90.32318342148221,0.5935760359383415,-1.4541732744065268,True,False,False,False,False,False,True,False,False,False,True,False
2021,10,0.7063801464245854,39.520337061903774,12.86247571719737,107.07549044441001,0.3173968353804769,-0.09853111508787596,False,False,False,False,True,False,False,False,False,False,False,False
2017,1,-0.6611567286136416,67.71840146622488,9.192982965115664,86.07268092994606,0.2961142706870287,-1.0068279759903038,False,False,True,True,False,False,False,False,False,False,False,True
2017,10,-0.6519090880198202,30.585800755604918,3.8786195981368374,101.00781773206269,0.27886589826207125,-0.5999091184624037,False,False,False,True,False,False,False,False,False,False,False,True
2018,3,-1.93600112908413,53.179738246574175,9.037036830546654,94.15393245637948,0.645916097435326,0.5736700329760898,True,False,False,False,False,True,False,False,False,True,False,False
2023,4,1.382520642408226,49.550584274013175,6.2606343951264165,107.90460171615516,0.454342836506917,-1.3805243075650036,True,False,False,False,True,False,False,False,False,True,False,False
2022,7,-2.2731776301211255,39.66991939516048,7.386912889965109,114.38649138344414,0.5610432915105314,1.2860846842143108,False,True,False,False,False,False,True,False,False,True,False,False
2023,4,0.4896261438724024,78.84996018809689,10.165362144561529,98.05543182544693,0.30938192952785065,-1.0099357789723815,True,False,False,True,False,False,False,False,False,True,False,False
2019,11,-1.3717755577909683,53.787798654758205,12.262411891760394,95.83119060957722,0.2983162944221185,1.4495189742906422,False,False,False,False,False,False,False,False,False,False,True,False
2022,10,0.7765655517115755,63.771074504226235,12.477978894073281,99.36456033894234,0.575529025322153,-0.11872869068319965,False,False,False,False,False,False,True,False,False,False,False,True
2021,7,-0.6606769437718044,57.27817921467945,15.43677792455774,109.57811057063715,0.6870709598332141,-1.7532298067972054,False,True,False,False,False,True,False,False,False,False,True,False
2025,9,1.2391720620880293,55.98322708922101,14.661106446944986,91.27562553722922,0.4333738266679097,-0.6305668668769702,False,False,False,False,True,False,False,False,False,False,False,True
2024,10,0.949679902816359,62.078669445920326,8.48146649828242,90.85198874167124,0.8612563815314871,0.5602941543334771,False,False,False,False,False,False,False,True,False,True,False,False
2021,6,1.6837481226249844,59.83032652173506,19.41749673562782,114.90897901725846,0.7093123383961126,-0.5661528561658385,False,True,False,False,False,False,False,False,False,False,False,False
2021,6,0.2315468252783205,14.39335919696861,10.34810448008409,98.65596465560859,0.29967317559665657,-0.07002672261360146,False,True,False,False,False,False,False,False,False,True,False,False
2025,3,0.9204144983406113,38.76900929276294,11.113962670981397,111.89623611475379,0.9879321312423868,-0.6855198901631185,True,False,False,True,False,False,False,False,False,True,False,False
2022,8,0.033246516344661574,52.28623192338133,12.420870357969191,112.41347769396432,0.4954379195141338,-0.722834623995237,False,True,False,False,False,True,False,False,False,False,False,False
2024,4,-0.2507825341777729,59.286769775206295,16.118066216513395,99.27647882405108,0.6054070366292861,0.3099231745993484,True,False,False,True,False,False,False,False,False,False,False,True
2021,7,1.5949368233406982,41.32486062707682,14.195517762648608,102.18389531572228,0.4688805801837968,-0.2607033598943493,False,True,False,False,False,False,True,False,False,False,True,False
2020,6,1.4631735002084985,52.79891216762042,16.025090208200268,99.11803370418804,0.3566463495467307,0.005199805047380755,False,True,False,False,False,False,False,True,False,False,False,True
2023,12,-0.32459689589701496,42.10691541808797,12.070139027002782,109.49152777695843,0.25412809405385967,-0.9223867925846672,False,False,True,False,True,False,False,False,False,False,False,True
2020,11,0.7957210808805493,38.439122727526865,12.265456205889118,101.36480541773868,0.7642320483144722,-0.2652036075300573,False,False,False,False,False,False,False,False,True,False,True,False
2025,12,0.7817402280478173,50.22009750753655,10.197141235622812,107.65294381402764,0.6493464328161647,0.5943760855698614,False,False,True,False,False,False,False,True,False,False,False,False
2024,10,-0.010863746698195903,44.4779519915922,17.90995464016646,103.70087014644149,0.5119060341929176,-0.34804803691154235,False,False,False,False,True,False,False,False,False,False,False,True
2018,8,0.5899608453629039,46.32398642609952,11.072174563788899,108.03565055097553,0.6938428221276549,-0.2099584361023333,False,True,False,False,False,False,False,False,False,False,False,True
2024,2,-1.2107735775251085,36.87048784756526,8.966126735685638,94.26814887903569,0.45820921359194783,0.27812000826673117,False,False,True,False,False,False,False,False,True,False,False,False
2022,2,-0.2586929792418571,32.657688206868315,12.620658759529483,117.74971571613918,0.6889800481793229,-0.09789526633794199,False,False,True,False,False,False,True,False,False,False,False,False
2020,10,-0.8459677417973405,68.71139505235521,14.757451972454897,93.94459319682868,0.42836312536641435,0.2653870668626484,False,False,False,False,False,False,True,False,False,False,False,True
2022,2,0.005540842791797656,53.57532639917858,12.545045862404272,94.30862865640144,0.18321638206550955,0.8197663671870976,False,False,True,False,False,False,False,False,False,False,False,True
2018,12,-0.3327566983298747,71.05410466850151,15.214290015308018,81.17498639443926,0.26213738017914934,-1.8761051244360556,False,False,True,False,False,False,False,True,False,True,False,False
2025,7,-0.5901104521574382,56.34956726313653,11.005354255019782,102.21274081445956,0.9161471188104545,1.7736108966542765,False,True,False,True,False,False,False,False,False,False,False,False
2020,4,1.4039560535500122,27.521757089424685,5.66190415917565,103.7632317455565,0.5426967928892393,-0.1737272936003161,True,False,False,True,False,False,False,False,False,True,False,False
2021,8,-0.035978696191495935,31.19255686320633,16.778643724909134,102.12351424616686,0.6820507665328571,-0.9704265647402719,False,True,False,False,False,False,False,False,False,True,False,False
2017,12,0.9082614092673243,63.13611445641423,9.591221325445641,95.35498000586898,0.5930003904540153,-1.0398655057795423,False,False,True,False,False,False,True,False,False,False,False,True
2019,6,3.179864488823514,57.132534997278235,9.727272487069026,92.71853547846081,0.608571181195358,0.05339111541619958,False,True,False,False,False,True,False,False,False,False,False,False
2021,5,-0.20659926056749658,47.22859444210538,11.337597445207468,95.02811668225516,0.5760309316659549,0.8556413783882106,True,False,False,False,True,False,False,False,False,False,True,False
2018,5,-0.03745308498329951,67.20116908174545,17.391412255045434,94.0895046415468,0.7369488297148782,-0.25774640292788603,True,False,False,False,False,True,False,False,False,False,False,True
2021,5,-1.6608668758020833,47.905851523013304,4.4226892318517645,91.61090120459669,0.663977151979502,1.5217889732357095,True,False,False,False,False,False,True,False,False,False,False,False
2018,8,0.2861949425543167,38.01284250457292,19.880353251476823,104.48345875004884,0.523887324594172,-0.11576618737057508,False,True,False,False,False,False,False,False,True,False,True,False
2020,9,-1.9413141205973408,50.110489067755594,10.053846037075006,100.25291163886196,0.20913386605857343,1.306826284796275,False,False,False,False,False,False,True,False,False,False,False,False
2019,10,-0.7486823085286762,56.38883446979165,9.438906844825258,85.01748771102983,0.7971718751072534,0.2611661028790306,False,False,False,False,False,False,True,False,False,False,False,False
2023,11,0.04997597470659558,42.48738265207201,15.064619146854044,97.74430717564205,0.26122369495569836,-1.8116835364114072,False,False,False,False,False,False,False,False,False,False,False,True
2023,12,0.7597569730181432,47.02930743912832,9.100033976741638,102.8306641930072,0.6027400986353088,-0.1822320472078898,False,False,True,False,False,False,False,True,False,False,False,True
2023,1,-0.3361246026263436,56.3211636057281,14.952145363944279,100.4267662903932,0.715704716488892,1.4726909854807058,False,False,True,True,False,False,False,False,False,False,True,False
2021,2,-0.09534783849605591,57.8759616497591,4.839521360945145,91.5874960436925,0.5733552901234571,1.8395376554957452,False,False,True,False,False,True,False,False,False,False,False,True
2025,5,-0.09984537387143656,58.120337593789706,11.742006353162477,107.04441386717224,0.3934317438695053,1.7753471597361934,True,False,False,True,False,False,False,False,False,False,False,True
2022,2,0.3174104487994213,47.10968560869758,14.565559488576767,102.97248337355063,0.8639877508166256,2.1073178997820166,False,False,True,False,False,False,False,True,False,False,False,False
2025,6,0.046976196299497744,60.723907011506036,9.848760326442648,111.83994959278017,0.6701017854141893,-0.7788072407790315,False,True,False,False,True,False,False,False,False,False,False,False
2021,5,-0.19252656952325795,41.64997461634872,7.439847178569954,109.3344084223291,0.36475888338052154,0.29558276677738937,True,False,False,False,False,False,False,True,False,True,False,False
2021,1,1.9620056638422476,61.18442910385131,4.074552023912305,100.15403562941229,0.4584985993825221,0.009341909159706499,False,False,True,False,True,False,False,False,False,False,True,False
2020,10,0.5452422044284568,62.896460971941195,9.881761362780441,100.0510452559564,0.6283268541793489,-0.6527086654686133,False,False,False,True,False,False,False,False,False,False,True,False
2017,2,0.8833995689324271,42.126822377869395,17.93152991783292,100.25374506366248,0.4573549436688016,0.8852400475577491,False,False,True,False,False,False,True,False,False,False,False,False
2022,11,0.17629262109645927,41.89312285956865,9.046619296109917,102.24574163989972,0.3424342941151779,0.6561282493076209,False,False,False,False,False,False,False,False,False,True,False,False
2017,10,0.9194127917400996,46.71798394605907,13.601139973360723,96.42005840194308,0.812382678908407,-0.2823519888948579,False,False,False,True,False,False,False,False,False,False,False,False
2018,2,-0.6869284998617177,51.83573485407224,18.522433100363056,105.30566103861136,0.4887788753235866,-0.2508175117603908,False,False,True,False,False,False,True,False,False,False,False,True
2018,10,2.097510614044568,24.102493615964676,8.070056683824665,95.4640684439632,0.2421026061744599,-0.4827645646031226,False,False,False,False,False,True,False,False,False,True,False,False
2020,12,-1.5148944072109338,53.16666115431695,20.480287541682873,106.4505794082309,0.6586023851880345,1.8053710669005658,False,False,True,False,True,False,False,False,False,True,False,False
2024,9,-1.4835666860516032,58.518564702418,18.084185888691103,105.66047802036789,0.9445074304871892,-0.35190646480159277,False,False,False,True,False,False,False,False,False,False,False,False
2024,12,-0.9654566779118643,30.084675838421468,15.83329208379472,109.86794838596794,0.3212699321810776,-0.7756570919653527,False,False,True,True,False,False,False,False,False,True,False,False
2025,8,1.5193876756455122,70.26776492688501,12.95539619983236,99.96107425422966,0.5571441158421389,-0.44057481613307603,False,True,False,False,False,False,False,False,False,False,True,False
2019,12,-0.03312605936201012,51.90878045445823,3.9066938444066173,93.55182763006619,0.5088411310288038,-1.2032585887311036,False,False,True,True,False,False,False,False,False,False,False,True
2018,8,-1.0519278219798232,50.20102787327058,9.5644942435343,99.30810303191934,0.4110921998202698,-0.42110538712392287,False,True,False,False,False,False,False,False,False,True,False,False
2023,12,0.41097110903001155,55.65698726466541,13.354904627073006,94.3827063752622,0.3695980355168964,0.7805264849125059,False,False,True,True,False,False,False,False,False,False,False,True
2023,7,-1.4469455214256013,37.63168036800645,10.572767265121517,92.11482130061367,0.42961758397351335,1.1947152249907882,False,True,False,True,False,False,False,False,False,False,False,True
2019,8,1.5511771328922608,42.16834276783718,8.230731003784902,108.35370778571536,0.8552236616334767,0.35408388202840285,False,True,False,False,False,False,True,False,False,False,False,True
2020,5,0.09605713911744292,60.92102788147588,14.652581649107645,92.2187104184424,0.37381444546187825,0.5186151715960765,True,False,False,False,False,False,False,False,True,False,False,False
2023,6,-0.06104798571090735,38.40055278482987,3.856672176453823,89.92721194585285,0.3714715257340052,2.364955607848391,False,True,False,False,False,False,False,True,False,False,False,False
2018,6,0.08153027923148934,64.04643919199745,13.3483200062472,97.68890126318149,0.6806497948789069,0.4307757777089527,False,True,False,False,False,False,False,False,True,True,False,False
2025,8,0.09451149336757297,27.66608714096956,8.67092525285928,100.35914266098261,0.7985598068925366,0.07860395283669008,False,True,False,False,False,True,False,False,False,False,False,True
2017,10,1.059118660208185,62.243436225109335,12.083390760331284,103.91206363975142,0.3571310894027233,-0.5005056602039589,False,False,False,False,False,True,False,False,False,False,False,True
2023,6,0.9883377412115197,47.02950202341648,13.398874134510326,112.90795620358816,0.5447798897220251,-0.1093575047678297,False,True,False,False,False,False,False,True,False,False,False,True
2023,2,-0.8269658435469408,52.0210706527633,9.41241225361618,104.50779426377973,0.5253637799139996,0.8080240128119485,False,False,True,False,True,False,False,False,False,False,False,True
2024,2,1.8120338910787854,29.258976583575837,3.8638071166831227,101.81600160931868,0.4684018124235178,0.389700890390535,False,False,True,False,False,False,False,False,False,False,False,True
2020,6,1.5384653140285238,51.175046899296895,12.310159944397109,93.2473684209869,0.49790612134032974,0.7748377547924228,False,True,False,False,False,False,False,False,True,False,True,False
2022,2,-1.82331714352279,46.597299099523134,9.554901566306341,104.06415533169094,0.49850607818864034,1.765652855835952,False,False,True,False,False,False,False,True,False,True,False,False
2025,3,0.42303597473040044,45.82609942448631,10.953951937014974,92.89896092768463,0.5791274181667361,-0.7587914430556403,True,False,False,False,False,False,False,False,True,False,True,False
2018,8,0.39897963473923403,52.21937698137188,14.611468278931834,93.44738937709508,0.3903893860901242,0.14288520030245128,False,True,False,False,False,False,False,False,False,True,False,False
2022,12,0.03075254853490416,61.47206407589885,11.304671577687982,98.59129842752296,0.5832135533249313,2.927815186233118,False,False,True,False,False,False,False,True,False,True,False,False
2024,9,-1.5974276211665621,30.66269517007229,7.227260080521235,110.25002266742706,0.8452857797935933,0.3168244859600677,False,False,False,False,False,False,False,False,True,False,False,True
2022,3,-0.7743519008881833,38.09015858252121,14.206734830269044,100.27644102171287,0.4386638252514775,-0.20251712890189022,True,False,False,False,False,False,False,False,False,True,False,False
2019,7,1.272422160284049,45.96722042984493,1.6886168220058566,111.72974059217734,0.7930713929142389,0.3294242223746807,False,True,False,False,False,True,False,False,False,False,False,True
2022,12,-0.8428122722176108,61.94075926229492,15.336291177851681,82.29781271284699,0.613652289650385,0.4538665543398381,False,False,True,False,False,False,False,False,True,False,False,True
2019,11,1.3104295008315177,70.16607458135366,12.34397749985241,93.80489171453793,0.6648958644658718,-0.0820059806280231,False,False,False,False,False,True,False,False,False,False,True,False
2025,10,0.7595337457632192,42.84959892553344,5.0206947071432,92.95330401732737,0.37237067751102093,0.3000386190591678,False,False,False,False,True,False,False,False,False,False,True,False
2025,12,0.18975656116265244,47.76150372230017,8.47697868271761,88.88349595283763,0.2625207185046779,-0.354375367374211,False,False,True,False,False,False,False,False,True,False,False,True
2017,4,0.37887691202017393,55.26369454715154,18.498524507543785,105.14253260133616,0.7086431462282892,0.8103860393713236,True,False,False,False,False,False,False,True,False,False,False,True
2024,8,0.9802337687226637,49.758832482097276,9.809544659331062,100.58623258129161,0.36101766300563154,-0.4256375103498155,False,True,False,False,False,False,False,False,True,False,False,True
2023,12,-0.06678867882881083,37.697083301286895,16.534425213154734,106.86222920934068,0.5917667197596974,0.23804623471157915,False,False,True,False,False,False,False,True,False,False,False,True
2024,8,-0.559935794361552,66.23295995898957,13.645950452689098,98.11924878493375,0.4301766831546421,-1.924461303828756,False,True,False,False,False,False,False,False,False,False,False,True
2025,6,-0.2886148787694938,27.552391583091506,13.103444180390992,107.79028389950118,0.5105082502515117,-0.7890184755006823,False,True,False,False,False,False,False,True,False,False,False,True
2024,6,-0.12982017167255325,57.066009122740866,4.823833660705009,89.41822139995367,0.5573873108240062,-1.5125731076779303,False,True,False,False,False,False,True,False,False,True,False,False
2024,6,-1.0080249578028904,32.84426333038567,15.583482333784435,101.18698782751602,0.2438055828055879,1.617247805317998,False,True,False,False,False,False,False,False,False,True,False,False
2019,10,-1.2123174282919575,48.22153770542849,14.425495341314198,105.0505623101915,0.30281304550198723,0.9357800635681301,False,False,False,False,False,False,True,False,False,False,False,True
2018,2,-0.10328841503855507,46.73736190054572,10.003487500115599,85.48958122333705,0.6692113731653959,-1.9292847289782253,False,False,True,True,False,False,False,False,False,False,False,True
2023,9,-1.6022747273509945,30.313417216992146,13.036197294958729,91.31899884167066,0.5806630467864486,-0.6211131942038228,False,False,False,False,False,False,False,True,False,False,False,False
2024,7,0.20493932365357484,76.6447894706087,13.540234784026106,97.00185816569933,0.9357016791163488,0.5587738421619017,False,True,False,False,False,False,False,True,False,False,False,True
2019,3,0.4919302013563091,67.50174743285358,12.368196432751981,95.32367093735184,0.5729582817250286,1.2541398701402435,True,False,False,False,False,False,False,True,False,False,False,False
2023,10,-0.48144002289050875,58.953964892346434,13.04257552787492,122.40547557874629,0.5290677126986877,-0.8599180661115711,False,False,False,False,False,False,True,False,False,False,False,False
2020,3,0.29171100909410663,50.31961235532667,12.155154636835318,109.76230019667453,0.054051033087684996,-0.9435508196243241,True,False,False,False,False,False,False,False,False,False,False,True
2018,10,-0.3932979470221456,57.97075112705829,8.971139488559684,86.49779705696538,0.446399559109083,0.769369723099595,False,False,False,False,False,False,False,False,False,False,False,True
2021,8,1.2870922599469117,69.1664954538749,4.591529599429707,94.85045355149555,0.2376261713502562,1.0702539738421097,False,True,False,False,True,False,False,False,False,False,False,False
2019,1,1.4442503964023794,24.808643975160745,20.45880057685267,99.78891310946699,0.6212934959985007,0.4212487640448262,False,False,True,False,False,True,False,False,False,True,False,False
2020,11,-1.0042345261302041,32.98897040865009,12.478209691014419,99.83927495065905,0.5747522151030374,0.30803794139964996,False,False,False,True,False,False,False,False,False,False,False,False
2022,12,-0.26231452558099516,51.57294898912829,13.67755122059192,100.87785574244884,0.8654715864170972,0.11956591562003217,False,False,True,False,False,False,False,False,False,True,False,False
2017,3,-0.390205294166531,35.74715004685982,13.226818683734344,96.59696454726507,0.4122793978581004,0.10759845327296835,True,False,False,False,False,True,False,False,False,True,False,False
2022,3,0.07847007817701199,32.5491334385716,14.657072478935179,115.75720969290778,0.6614943290118467,-2.0601621540314854,True,False,False,True,False,False,False,False,False,True,False,False
2020,11,1.110390972357463,56.79620112031645,10.64043230976652,104.57512196942064,0.6927439395971655,-0.021402433097897213,False,False,False,False,False,False,False,True,False,False,True,False
2018,7,-0.6830756072090113,42.9391411662274,15.209265197225948,121.41206325347318,0.6391710307062175,-0.6453138029430764,False,True,False,False,False,False,False,True,False,True,False,False
2021,8,0.9882844031026585,58.546969230586505,7.868402831925222,100.13344943104617,0.5292255295519932,-0.1478746844438469,False,True,False,False,False,False,False,False,True,False,False,False
2020,6,0.07796139746004017,50.5344457023585,19.741805590894444,102.70463192573264,0.48843937868890913,0.6167685261844357,False,True,False,False,False,False,False,True,False,True,False,False
2024,4,0.43866816741700937,49.63322271880089,15.46845938289234,104.93048373001083,0.33006915203562753,1.438073186760554,True,False,False,False,False,False,False,False,False,True,False,False
2018,5,-0.6934133311673524,38.40741939290353,13.699367849833592,105.84219067800886,0.43445659619607313,-1.923937026745006,True,False,False,False,False,False,False,True,False,False,False,True
2017,2,-0.05295866366302793,14.874604387153319,19.5238744729636,84.04459886599842,0.19505734410682118,0.9467723175007429,False,False,True,False,True,False,False,False,False,False,False,False
2020,12,0.2291828347841731,48.91119579039175,9.410256018073907,98.65556022427792,0.6101600656851903,-1.263762243124131,False,False,True,False,False,False,False,False,False,False,False,False
2024,4,0.13251938582805775,28.12804157541702,14.229003961057403,102.41306186370142,0.48421266405136354,0.3488387635692419,True,False,False,True,False,False,False,False,False,False,False,False
2020,8,0.8938183535575839,63.72902579969817,9.25345907648926,85.56311919970257,0.742301735851258,1.274992477169323,False,True,False,False,False,False,True,False,False,False,False,False
2023,8,2.1203702490425242,39.206796365628016,5.8796702564139895,110.0104639665764,0.6220829433431935,-0.46050251755972726,False,True,False,False,False,False,False,False,False,True,False,False
2023,4,-1.7618169609361978,60.68645177739555,11.357323965393578,108.16657329157515,0.5736128418129914,-0.8946984417739533,True,False,False,False,False,True,False,False,False,False,False,True
2017,12,1.2055405644802868,63.521700505030395,10.293448754694138,90.00654724293862,0.7208872894356442,0.15197633384740697,False,False,True,False,False,False,True,False,False,False,False,True
2025,8,-1.3364100878519811,34.068393368643406,16.80893578199272,101.95572453108063,0.44471299415797144,0.9155856165836077,False,True,False,False,True,False,False,False,False,False,False,True
2022,12,-0.6920861566283695,48.069586421829456,11.993634040046448,103.70454368860752,0.6237768680666622,1.169197028333056,False,False,True,False,False,False,True,False,False,True,False,False
2021,12,0.17111389853127063,39.043006116365724,10.201590352602425,91.79167632762977,0.4765155564719141,-0.8624122658328115,False,False,True,False,False,False,True,False,False,False,False,True
2025,12,-1.0034794095040838,31.091089718002138,9.025187323093537,101.24319437321113,0.43675641083044126,0.820499205379741,False,False,True,True,False,False,False,False,False,False,False,True
2021,8,-0.3068683125602983,42.74617535865264,17.18035714952089,95.72199378086641,0.6861084118755427,0.14768445341955216,False,True,False,True,False,False,False,False,False,True,False,False
2018,2,-0.9044532262960451,56.783461237188696,10.177440827435325,102.39482712295901,0.6496474863842742,1.594196362759815,False,False,True,False,False,False,True,False,False,True,False,False
2024,8,-0.143572646638164,57.47987614431503,18.5558160244805,116.60826747170873,0.7911139752905821,0.19216183392872419,False,True,False,False,False,True,False,False,False,False,False,False
2023,2,-0.778174284277866,46.09231768700422,17.782690795972975,96.04887360209514,0.6187622573268259,-0.764921905807427,False,False,True,False,False,False,False,False,True,False,False,True
2020,6,1.0260719701535328,47.20426361059225,20.879400302055256,108.50135311679759,0.6717678324735044,0.6986604956523964,False,True,False,False,False,False,False,False,False,True,False,False
2020,1,0.030246564855953728,72.64829381865655,17.81783387024287,98.47473471064643,0.3549392595500738,1.9610948855197334,False,False,True,False,False,False,True,False,False,True,False,False
2021,1,-0.6685878574474897,43.38263379581833,10.302459818904044,109.26330583428091,0.47308058438986705,0.23752674683135086,False,False,True,False,False,False,False,True,False,True,False,False
2025,11,-0.097503228916757,46.217259132880436,11.115146386137061,96.62800144029964,0.7482970120897288,-0.4351410706639482,False,False,False,False,False,False,False,False,False,False,False,True
2022,2,-0.011290846960830136,30.01703430063482,12.10394129015397,99.18542226168479,0.3133357006497067,1.000007037836985,False,False,True,False,False,True,False,False,False,True,False,False
2020,3,0.1676514647267018,35.016082232852185,13.434682562814384,101.65616102623855,0.5614731711510567,1.347625501313754,True,False,False,False,False,False,False,False,False,True,False,False
2017,1,-0.45355157730561674,69.63414734804695,9.637859310466085,97.82703485989573,0.6125799501185909,0.5198571735005325,False,False,True,False,True,False,False,False,False,False,False,True
2017,9,1.6142460943748966,71.40574187358813,7.063092528495215,90.41083439447425,0.22322277471740448,1.1457622883908887,False,False,False,False,False,False,False,False,True,True,False,False
2018,10,-0.31583416831982436,28.017415157316478,13.530655619036276,82.5374772355829,0.5419503540875333,1.1042754777161876,False,False,False,False,False,False,False,False,False,False,False,True
2023,4,0.10268977095446595,42.011104986178374,17.254772771867987,96.55005470725717,0.32056376098408756,-0.6259516222759774,True,False,False,False,False,False,False,True,False,False,False,True
2017,6,-0.7679554337401511,40.23918153865655,16.29596612738812,99.40636647603158,0.5909229964103998,-1.3228556138923926,False,True,False,False,False,False,False,False,False,True,False,False
2025,7,-0.5592364333949937,28.797301853634586,9.251521244699262,94.19886912924684,0.543525480342547,1.1749808943372717,False,True,False,False,False,False,False,False,False,False,False,False
2020,2,-0.07619567202394918,63.797065102879884,14.41234340406968,110.80920495817931,0.41830518612818174,-1.4562129886693227,False,False,True,False,False,False,False,False,False,False,False,True
2024,7,-1.0343577700936986,60.143381696038915,16.921627121526413,102.76191663761979,0.7760837327284089,1.3487728440670128,False,True,False,False,False,False,False,False,False,False,False,False
2020,7,-0.36593172704714716,48.29795068414889,11.030367955003308,100.01378240385483,0.24838871502385845,-0.5988788406423085,False,True,False,False,False,False,False,False,True,False,False,True
2025,11,-0.2863134067868141,44.71547529934813,10.75343136354643,100.45021051212174,0.5549688814309676,-0.32176547550349094,False,False,False,False,False,False,False,False,True,False,False,False
2018,10,-0.18847341037356372,51.71523664730894,21.78094928662443,99.00887322205149,0.92000098787674,-0.6898347401772399,False,False,False,False,False,False,False,False,True,False,False,False
2021,7,0.9222479411719373,26.75231318016124,14.033159370414916,99.97187900114538,0.5330715919210598,-0.7871029985946293,False,True,False,False,False,False,False,False,False,False,False,False
2022,4,1.1473776817998096,58.91954337506118,11.849873619540451,89.47528559207974,0.5746035329030181,-0.018906536873635343,True,False,False,False,False,False,False,False,True,False,False,False
2025,8,0.564742258490407,42.72502882563697,10.281802236817226,102.76633537006559,0.3023846764654603,0.8528799795201931,False,True,False,False,False,True,False,False,False,False,True,False
2021,2,-0.029831080944547807,56.5237951927992,14.045796920948929,98.02884483832831,0.48577773634488297,0.8318207440280142,False,False,True,False,False,False,False,True,False,False,False,False
2021,9,1.0363742425589795,56.51588789877201,13.42206259416659,110.60156886923158,0.8117042506817425,-0.9055018988524346,False,False,False,False,False,True,False,False,False,True,False,False
2024,10,0.5228796669176042,61.832685697284106,16.464076384490014,98.81196164031132,0.5102731253743358,2.3556898387421086,False,False,False,False,False,False,False,True,False,False,False,True
2023,12,-0.19966979917285654,35.465705664887025,19.3119973103242,100.20238309252895,0.7170900301511962,0.01770896184800714,False,False,True,False,False,True,False,False,False,False,False,False
2020,10,-0.06196721303448301,58.13081975823046,14.878639366581433,96.45189057620286,0.6214336640733789,-0.029325806347398616,False,False,False,False,False,True,False,False,False,True,False,False
2021,9,-0.10350864842972622,38.91223193267274,10.36813971748254,74.92928947296362,0.14115212408791245,0.8630743996890041,False,False,False,False,False,False,False,False,False,False,False,False
2024,4,1.5713949969507695,74.49049378199766,10.781663576916555,100.83970439161489,0.4267795423761842,1.1320800106524298,True,False,False,False,False,False,False,False,False,False,False,True
2021,5,-1.927521135716747,40.89249370783983,21.00441482887573,93.07400222568748,0.4531849827994624,-0.12792345800550073,True,False,False,False,False,True,False,False,False,False,False,False
2024,8,2.017809371605892,82.1412280992312,11.651152285856991,117.87339744660841,0.6295068654972067,0.0235102160344747,False,True,False,False,False,False,False,False,True,True,False,False
2023,4,-1.0601538975982672,87.61587178260399,15.4197570637733,113.83322582949081,0.7495528955430099,0.21434151950750518,True,False,False,False,False,False,False,False,True,False,True,False
2018,11,-0.5145988392841486,58.98761235169983,15.715141021477464,108.18168332655102,0.5940331812783733,1.2912026106494416,False,False,False,False,False,True,False,False,False,False,False,False
2018,5,0.582746440658099,45.4512645588423,12.155632170579828,104.62378494646819,0.4548432324422629,-0.20346061104290386,True,False,False,False,False,False,True,False,False,False,False,True
2017,9,0.4555804373365769,39.72126659922969,12.055663176864591,98.38071689130336,0.43072891240139344,1.1239851461377777,False,False,False,False,True,False,False,False,False,True,False,False
2017,4,0.5605282752728444,18.14543811435604,11.411929626649862,94.46534739946544,0.36118390866900496,0.7462745056817888,True,False,False,False,False,False,False,False,False,False,False,True
2024,12,-0.9824552586675914,35.27041541576523,10.555383669879854,113.10197967363818,0.7306086364670858,-0.40743357100910893,False,False,True,False,False,False,True,False,False,False,False,False
2017,5,0.7015654719404685,48.668394809336704,17.810218934647946,98.07880887057733,0.7074917661365645,0.6170752351160163,True,False,False,True,False,False,False,False,False,False,False,True
2017,6,-1.121566061277659,66.1765411461302,9.370458661872831,103.71333074246728,0.4252586053479913,-1.5965215234614911,False,True,False,False,False,False,True,False,False,False,False,True
2025,12,-1.4601335298517806,29.540043710344314,14.189177017475966,102.13050907311556,0.5497973381086063,1.3957809586872068,False,False,True,False,True,False,False,False,False,True,False,False
2017,4,-1.1481332948044598,70.75943849252837,9.52449771303705,92.09939101896985,0.6312473846024829,0.42976121000730444,True,False,False,False,False,False,True,False,False,False,False,False
2022,11,0.7183479613308372,63.232964599147664,15.102728894287273,115.176807591165,0.8491297238457733,-0.5034584190775057,False,False,False,False,True,False,False,False,False,False,False,True
2022,1,-0.24825353263217734,54.1367211788876,9.50283425941668,108.06706588481416,0.6580799749502578,0.15953634032107483,False,False,True,False,False,True,False,False,False,True,False,False
2023,7,0.7633388475315999,35.36707731477888,7.511599745231959,96.03506150356017,0.5983338661229379,0.2320426047432404,False,True,False,False,False,False,True,False,False,True,False,False
2022,6,0.4861553100763835,56.31768625496339,5.0600229122047695,82.96464874689264,0.46200896013802883,-0.31594166916180233,False,True,False,True,False,False,False,False,False,False,False,True
2022,2,-0.22088320655085864,28.860001318020263,14.098292071693407,105.4609307440304,0.7712058007426662,1.1186152928631783,False,False,True,False,True,False,False,False,False,False,False,True
2018,10,-2.157557174301955,45.2445557031525,12.974601345462382,92.22845346623623,0.46184364808161216,0.2242582061333231,False,False,False,False,False,False,False,False,True,False,False,True
2023,6,3.208160913916495,32.45503405859725,16.96890686090989,106.16253965723662,0.2903736861648471,0.37499515360771546,False,True,False,False,False,False,True,False,False,False,False,True
2018,7,-0.3016807761308459,67.87507153436957,9.087452309577357,102.67721902372246,0.5609513890906173,2.0415387843169444,False,True,False,True,False,False,False,False,False,False,False,True
2022,6,-1.0667792375574,29.174235485152142,14.560807194976764,92.88975495125942,0.578133868948519,1.6600607328763102,False,True,False,False,False,False,True,False,False,False,False,True
2021,2,0.8640436260742304,47.808156328768874,8.545370924595904,90.95918400212423,0.6232421389059837,-1.4277501429825845,False,False,True,False,False,False,False,True,False,False,False,False
2019,8,1.5326278923931278,56.9793481309751,20.76436058734604,106.126539970092,0.6355136327443641,0.3430881752521303,False,True,False,False,False,False,False,True,False,False,True,False
2017,10,-0.45043863782585325,45.10529816793134,17.092594518554677,98.3394610812865,0.6358891827515205,2.0038058955091795,False,False,False,True,False,False,False,False,False,True,False,False
2017,7,-0.044085137107797066,80.58160533226828,10.969045945989773,93.43304790962021,0.42967117325923526,-2.0958309562928616,False,True,False,False,False,True,False,False,False,True,False,False
2023,11,-1.0892581201383016,44.38983201889589,18.69884339370391,100.15907767890153,0.6885071926383999,0.6446303277639107,False,False,False,True,False,False,False,False,False,False,False,False
2019,8,0.8287114061289749,53.702808936968246,11.163379810412867,108.87301351718759,0.7867101288621927,-0.11544031988041326,False,True,False,False,False,False,False,False,False,False,False,False
2021,4,-0.9306035546895123,36.40532760574242,15.171743313755009,95.27470117980816,0.7473689588365517,0.7095343807195772,True,False,False,False,False,False,True,False,False,False,False,False
2018,12,-0.35171916152165594,46.93217691240203,3.3884460428598424,96.89385324646669,0.7377596061188605,-1.1245373223498343,False,False,True,False,False,False,False,False,True,True,False,False
2022,4,-0.6629660469697535,29.55274229622115,0.6098404428534314,102.33488962848163,0.4439752775216046,-1.804376110336264,True,False,False,False,False,False,False,False,True,False,False,True
2017,12,1.2265347456065954,18.98415602350213,6.575642016637776,102.26583821794691,0.3915258148852686,-0.7348550704328964,False,False,True,False,False,False,False,False,True,True,False,False
2024,5,1.281230563762572,43.95671064236548,18.204419522731946,79.79674175582093,0.4072682392245205,-0.09561484916431168,True,False,False,False,False,False,False,True,False,False,False,False
2023,4,1.0824214516169486,70.70946650524212,9.471503712029904,103.00773286260105,0.7655625396031427,1.1837569213272254,True,False,False,False,False,False,False,True,False,False,False,False
2024,6,-0.323922473928551,55.06515528057042,9.906448332492172,105.92544827196282,0.40088826728370286,-1.3271278095014138,False,True,False,False,False,True,False,False,False,True,False,False
2024,12,0.9443223521182641,37.55040834530338,19.534673013890675,107.18505482408274,0.37633111804668407,0.792705131739008,False,False,True,True,False,False,False,False,False,True,False,False
2017,10,1.5201061224168706,45.734722750931624,4.080304564707286,94.44898800748231,0.524919792667647,-1.7722351317102942,False,False,False,False,False,False,False,True,False,False,False,True
2017,10,0.696207461836084,52.491422918903154,3.0892010383187047,100.74760151635002,0.6401792024825105,0.020608706785452846,False,False,False,False,True,False,False,False,False,False,False,True
2025,3,-0.6437556138323068,47.14382364484932,6.357211672298838,105.3186012956282,0.3530858045313376,-0.2755190822941641,True,False,False,False,False,False,False,False,True,False,False,True
2025,3,-0.054348065134071935,41.62772321156423,9.70411743509078,106.28233162193504,0.5602896892482526,0.571546927498214,True,False,False,False,False,False,True,False,False,False,False,False
2025,8,0.3793443491806136,48.6894309426025,10.682599667648526,80.9432846219523,0.7635050262779098,0.5155322850373589,False,True,False,False,False,True,False,False,False,False,False,True
2017,4,-0.5552259441702052,52.91156162073248,14.996361260352986,101.85822425003498,0.6610977160561488,0.8626132190088737,True,False,False,False,False,False,True,False,False,False,False,True
2020,2,-0.5791949845248994,29.858690760762343,17.633625802868867,113.49456923649328,0.49976468239356864,-0.43952529781711375,False,False,True,True,False,False,False,False,False,False,True,False
2025,4,-0.24418691910166884,58.537046628012824,6.434204560826739,97.13722904647175,0.6872231189713547,-0.256178656840482,True,False,False,False,False,True,False,False,False,False,False,False
2019,8,-1.2357459785659517,53.88754809425123,13.384622469122075,116.92135325634473,0.5084009323550156,-1.9806131592389713,False,True,False,False,False,False,False,True,False,False,False,True
2025,5,1.9076359704420263,71.26000075151526,15.409549005210057,99.00695304068762,0.7233358158975813,-0.06333021839482893,True,False,False,False,False,False,False,False,True,False,False,True
2023,5,0.3299028815939605,38.43700741856933,7.157404367740207,88.40480126553099,0.6211374128228533,-1.0038763521274903,True,False,False,True,False,False,False,False,False,False,False,True
2020,5,-2.3551698851783,71.27105831187146,7.390099960390156,99.38997876943918,0.3923807980445441,0.3171774663719027,True,False,False,True,False,False,False,False,False,False,False,False
2024,5,-0.06734265280915312,57.18686326944629,17.276131040984307,105.31041035992934,0.56210006583721,0.7367967160363715,True,False,False,True,False,False,False,False,False,True,False,False
2024,11,-1.4517054137653986,26.034174231886375,13.505435242355704,96.1618649624502,0.42918790473204793,-1.8596764908226535,False,False,False,False,False,True,False,False,False,False,True,False
2024,3,1.0188112432067427,39.83345448906769,12.840176511786996,109.21522751411445,0.5219989874021445,0.08563770765617514,True,False,False,True,False,False,False,False,False,False,False,True
2022,5,2.083210959059034,73.88322703638582,13.35352104072234,102.07805383645858,0.6410808393859717,-1.1109706315521002,True,False,False,False,False,False,True,False,False,True,False,False
2025,9,-0.49819242343437004,43.80453012478317,12.47255765761523,95.56957922671181,0.44638777627314274,-1.23320808685344,False,False,False,False,False,False,False,False,False,False,True,False
2017,9,0.6101305037971094,87.4103422457286,12.70043010423296,95.3780548624553,0.7911249261964355,-0.8787977624358302,False,False,False,False,False,True,False,False,False,True,False,False
2024,9,0.4695363670158261,53.6138106868423,17.66186751666296,103.42088186274509,0.5143845333268601,-0.5064786217190556,False,False,False,False,True,False,False,False,False,False,False,True
2023,2,1.4577866947114024,71.10011313441464,7.354752591950925,111.40549787935451,0.4030458261277218,1.3540428872992891,False,False,True,True,False,False,False,False,False,False,False,True
2024,12,0.5502630709401326,37.51787147039096,13.950645745757578,100.02643547267019,0.567463198172114,0.7403372722948937,False,False,True,False,False,False,True,False,False,False,False,True
2017,1,1.3747486832306544,79.64583105246798,3.394683597980391,90.15177330714977,0.6721553704387089,-2.6186794132702413,False,False,True,False,False,False,False,False,False,False,False,True
2024,2,-0.8577800019918477,43.963536831475,4.5199957800535735,97.80272092153886,0.45337266548544947,2.2070820654636734,False,False,True,False,True,False,False,False,False,False,False,True
2018,5,-1.3443948032833053,47.14156528314498,14.02920046709443,98.5980323019424,0.5364269509592949,1.2458252940172545,True,False,False,True,False,False,False,False,False,False,False,True
2018,9,-3.0628681231743076,43.154113552616025,12.94339677458654,111.03248274588265,0.2594453850063684,-1.2673989099597236,False,False,False,False,True,False,False,False,False,False,False,True
2021,5,-0.6358025565476308,32.1920390154895,17.174028010308746,96.59594244641897,0.5998588255144622,0.2124912169339837,True,False,False,True,False,False,False,False,False,True,False,False
2024,9,1.065279371699199,60.45377993679442,12.111369731985095,98.08811530256085,0.7279701041299538,2.681072127379903,False,False,False,False,False,True,False,False,False,False,False,True
2023,12,-2.105539278208984,45.28523856149549,15.78246567279747,95.28073008696025,0.8167218535794205,0.28315055665068595,False,False,True,False,False,False,False,True,False,True,False,False
2023,12,-1.762118012472544,58.99488311330537,13.134219207164513,102.43767197726007,0.556866731951348,0.31647637718015914,False,False,True,False,True,False,False,False,False,False,False,False
2025,4,-0.5743441084772188,64.13827326747926,7.283646350239213,97.82726168161773,0.4493096334090237,-0.7641485569213184,True,False,False,False,False,False,False,True,False,False,False,True
2018,1,0.39203039805752304,30.483582552030335,12.740124309652934,82.66611965501107,0.33507952193259993,1.1032565448777163,False,False,True,False,False,False,True,False,False,False,False,False
2018,4,-0.740329365838712,30.366132847197722,7.344160024635797,98.1099802818416,0.29072049467281164,0.9475394371676528,True,False,False,False,True,False,False,False,False,True,False,False
2018,6,-1.9959075861197932,39.20846665224657,18.523031835763145,95.68692513399942,0.560460371344097,-0.3065742227005878,False,True,False,False,False,False,True,False,False,False,True,False
2023,10,-1.085570234915503,44.99300922031953,16.963700129994116,93.84661220860019,0.4675228074109278,-0.039159948670769135,False,False,False,True,False,False,False,False,False,False,False,False
2021,1,-0.7233346595322319,46.95758054510001,16.778488187082377,80.58692463335117,0.6672717711388584,-1.3901558183935978,False,False,True,False,False,False,False,False,False,True,False,False
2022,9,0.7709815891931486,23.746768027308946,14.684799195901853,99.29004690691775,0.6325002340553462,0.6881551376003264,False,False,False,False,False,False,False,False,True,False,False,True
2023,1,0.22687301801273724,39.10295593206695,21.20129439366589,98.96066256016795,0.7946520189493447,0.06351517676500196,False,False,True,True,False,False,False,False,False,True,False,False
2021,6,-1.5010594336215146,46.61791947949643,15.075411201594283,95.06252706598549,0.4951501874213633,1.5548214679089347,False,True,False,False,False,False,False,True,False,False,False,True
2017,9,-2.3545506142918935,37.23585164282644,4.189990683692364,109.62949493474396,0.27612428066579703,0.7252976108374047,False,False,False,False,False,False,True,False,False,False,False,True
2018,1,-1.4514533243732721,52.194343191627766,11.137322103535126,89.24080242879606,0.6115530073709883,1.788583018787357,False,False,True,False,False,False,False,False,False,True,False,False
2025,9,1.4489340247508535,41.021738978595,12.440016611460166,91.68074852259636,0.4866295186842694,-0.9647950102675675,False,False,False,False,False,False,False,True,False,True,False,False
2022,9,-2.557679737834006,32.22953797804918,10.400418177351677,100.80252753726967,0.5959937186937109,1.019944247863435,False,False,False,False,False,False,False,False,False,False,False,True
2024,4,-1.280687251341067,49.01530182710635,17.304583375973884,95.07213771858261,0.7028540733366929,-1.2390227813082875,True,False,False,False,False,False,False,True,False,False,False,True
2025,6,0.041854475782477606,61.42199622783485,17.99821830063072,102.41048232571106,0.736541539726234,0.9212319274388695,False,True,False,False,False,False,False,True,False,False,True,False
2020,9,1.814675348928969,52.50729931377262,18.942015826979432,96.61913504089874,0.657170253050458,-0.07404553446516982,False,False,False,False,False,False,True,False,False,True,False,False
2023,10,0.6224410467594651,68.36188153752761,13.378372155612173,102.8375097957845,0.5784796875316229,1.9582814791855765,False,False,False,False,False,False,False,False,False,False,False,True
2023,4,-0.9853780040698807,30.693242651483374,9.211774164164357,103.23190178618725,0.5243362771661186,-0.20471300513749557,True,False,False,True,False,False,False,False,False,False,False,True
2024,5,1.7114227989324904,49.52691826853349,15.25423551472896,105.02446274193781,0.5346865517202597,1.042633726726367,True,False,False,True,False,False,False,False,False,False,False,False
2017,5,-1.2036002148954528,45.034622283332006,15.090085086522908,88.03212023382211,0.7219801154771753,1.956977313248455,True,False,False,False,False,True,False,False,False,False,False,True
2023,10,0.437517713367115,68.43841370939273,15.203884243718962,103.72379789642353,0.8313309130133302,0.05401544115475644,False,False,False,False,True,False,False,False,False,True,False,False
2017,8,-0.03634612366690454,44.40879949538267,12.731601466187392,102.1037371421373,0.6287111694280737,-0.44592216243667043,False,True,False,False,False,False,False,False,False,True,False,False
2021,11,0.3734403532155694,74.46568315861929,9.885022557912908,91.03086362074797,0.46615278604662314,-0.9620616975696591,False,False,False,True,False,False,False,False,False,True,False,False
2019,6,0.09891547876311091,58.09157780954972,23.671552392129932,97.01112764086407,0.4443273634052902,-0.1721483206717906,False,True,False,False,False,False,False,False,True,False,False,False
2020,3,0.12628113723756937,48.4662936067147,9.323393565120057,102.0884431524807,0.7635033714617563,1.999403047779649,True,False,False,False,False,True,False,False,False,False,False,False
2021,2,-1.9792524766837778,41.41286301298135,11.655569762266225,105.80837546632168,0.658387978856215,-0.7020136616597602,False,False,True,False,False,False,True,False,False,True,False,False
2018,7,0.9611572137178506,71.93775998929966,8.987693498502804,94.03397135588004,0.44285363435641745,0.559636246304464,False,True,False,False,False,False,False,False,True,False,False,True
2017,5,0.4990226007177441,44.595086188610196,13.565648010671797,104.9791602536283,0.6458693110828936,0.058814816208904316,True,False,False,False,False,True,False,False,False,True,False,False
2017,3,-0.8414601530946475,59.49800652063965,6.128658743409523,104.47326783736663,0.4455991189063887,-0.8303855240436768,True,False,False,False,False,False,False,True,False,False,False,False
2018,2,-0.5645071656136869,33.821108549949,16.152362379521495,100.96300677735235,0.5635365516910755,-0.8359729436834187,False,False,True,False,False,False,False,True,False,True,False,False
2021,1,-0.06834778836196333,34.90637525493159,10.159158569974824,110.76489829131407,0.5546336816588633,0.36685371894373187,False,False,True,False,False,False,False,True,False,True,False,False
2021,10,-1.2424584874574092,35.34667795418838,11.125569266277811,98.53454272314316,0.6717297569419163,0.22186433837717967,False,False,False,False,False,False,True,False,False,True,False,False
2022,2,-1.2345022797926115,74.59286023621135,11.658086130043776,97.12569243977792,0.7807902187503446,-0.9253267660723773,False,False,True,True,False,False,False,False,False,False,False,False
2019,3,-1.4501793702102626,69.13218478661766,16.266043539898423,95.96076349638567,0.5727842698917032,0.5405123938742858,True,False,False,True,False,False,False,False,False,True,False,False
2021,10,0.5664086773974751,40.85663221604547,13.79535593009143,107.62000431673653,0.42355959866082343,-0.4615085283962066,False,False,False,False,False,False,False,True,False,True,False,False
2024,3,-0.8112963347867491,42.7736802895312,11.600455310488005,86.78715820631268,0.3964589681031836,-0.3094698518563403,True,False,False,False,False,False,True,False,False,False,False,True
2020,12,-1.0141596921402123,56.12527369162456,15.03661334586276,103.27769604674805,0.5321446983842388,2.6776532229251733,False,False,True,False,False,False,False,False,False,False,False,True
2021,5,-0.010016895116299348,41.620036594347006,12.635206812043496,106.87401691260851,0.8224908384393521,-0.02738254891043338,True,False,False,True,False,False,False,False,False,False,False,True
2019,3,-2.5927165154022687,60.683469591980696,16.462505758712027,91.51098425497756,0.6440418750177103,0.5958774356488822,True,False,False,True,False,False,False,False,False,False,False,False
2024,7,0.5359928049252244,60.735909216121584,12.833177458988843,93.67416068413432,0.7238116769593975,0.2533633904954345,False,True,False,False,False,True,False,False,False,False,False,False
2020,4,-0.8653776604065087,32.563008720120855,10.636697742752858,95.17196867604463,0.7130467693510063,-0.35160886668065167,True,False,False,False,False,False,False,False,False,False,False,False
2021,5,0.7198279809313747,52.69343560659359,9.117272604214033,100.862517810023,0.2593658479742315,-0.8308571426653624,True,False,False,False,False,True,False,False,False,False,False,False
2018,6,-0.3783380345239026,49.60595855492048,8.585687519876135,102.82799430756627,0.5545928319495969,0.14889547810609455,False,True,False,False,False,False,True,False,False,False,False,True
2020,1,-0.04898648806095168,63.59015641355913,10.135273463218102,98.48983315898732,0.4599975663549466,0.8481737505443001,False,False,True,False,False,False,True,False,False,False,False,True
2017,1,1.642848168853183,31.571146761322307,5.7849943093382645,102.30785449286887,0.5215781768146166,-2.3123254929747867,False,False,True,False,False,False,False,True,False,False,False,True
2017,4,1.6044099960353544,42.06612411281384,11.8862860018335,97.58323174649779,0.5747048158028595,0.7650294797093706,True,False,False,True,False,False,False,False,False,False,False,False
2024,4,-0.8676236302270486,40.55983084153405,17.79637982257795,99.0295043168684,0.9102210496317833,-0.1973395335773042,True,False,False,False,True,False,False,False,False,False,False,True
2025,3,-0.18886884930447648,34.720792124008874,17.82281161295884,90.54279353636481,0.2002382734966513,-0.009142765073484103,True,False,False,False,False,False,True,False,False,False,False,True
2019,12,0.30741076649402355,38.85618848136446,12.80523735873818,105.70567650780465,0.4571189985452538,-0.27046174039426135,False,False,True,False,False,False,True,False,False,False,False,True
2018,7,-0.8285541534336024,35.46421285715304,8.197628698780592,109.52633459077302,0.7061320799881304,0.38985173953555596,False,True,False,False,False,False,False,False,True,True,False,False
2023,11,0.5289355469578989,45.60993059972216,9.818476113056462,110.15597194564872,0.7499216497280152,-0.7083703516482622,False,False,False,True,False,False,False,False,False,False,False,True
2021,7,0.4035223474539224,56.37654701095147,7.923067309926026,108.43756501844437,0.4237178545414909,0.3801476250809798,False,True,False,True,False,False,False,False,False,False,False,True
2023,7,1.3666791787182826,36.4269108502122,21.456919001411755,102.3267680113087,0.6256984728156464,-0.09295634716808657,False,True,False,False,False,False,False,False,True,False,False,True
2023,12,1.7497539194462957,33.29595752577684,10.50189249559918,99.78972833966311,0.821504938291252,-1.2031111971400128,False,False,True,False,True,False,False,False,False,False,False,True
2022,4,0.6023528388925202,47.050574446264676,12.85708530793366,105.74540498155791,0.4033639250491514,0.8124162516419721,True,False,False,False,False,False,False,False,False,True,False,False
2021,6,0.17203113678046833,33.73580598746963,15.602824416272236,100.0946217530798,0.5836649830811973,0.6429433934517144,False,True,False,False,True,False,False,False,False,False,False,True
2025,2,-0.6213766080475112,24.719422027749577,7.584558990902297,101.532007721633,0.4002842439852199,0.6614492386457271,False,False,True,False,False,True,False,False,False,False,False,True
2018,2,0.9910666908314999,30.167991528750512,11.544373572573505,114.1018137418342,0.3518177437442615,-0.8295419540543993,False,False,True,False,False,False,False,False,False,True,False,False
2024,3,1.674684666741395,48.65388291906007,14.153063791563063,116.16673370431648,0.3602629364702075,0.2299761150234739,True,False,False,False,False,False,False,False,True,False,False,True
2021,5,0.6946885223972068,59.10938337479666,7.4867102018675675,99.7231520037552,0.6893623794733832,0.8565766520329738,True,False,False,False,False,False,False,False,False,True,False,False
2017,2,-0.5401535540724726,48.00669793066401,14.905167169269841,105.77780123938689,0.576906387484661,2.264695928598053,False,False,True,False,False,False,True,False,False,False,False,True
2021,2,-1.1469627282664296,40.49551872582282,11.518663462534882,110.31085604616007,0.5910990820636012,-0.6258094313735969,False,False,True,False,False,False,True,False,False,True,False,False
2021,12,-0.6416324391380163,28.582495506300265,16.280746080432774,105.84414111464169,0.5025513352346895,0.05539434765770002,False,False,True,False,False,True,False,False,False,True,False,False
2023,5,-0.5336342491593495,55.931879731987124,21.545229326153173,103.41148832207914,0.6774517957618243,0.5188492762631571,True,False,False,False,False,False,False,True,False,False,False,True
2020,9,-0.04314034406944269,52.67917761342175,3.9986159523012192,103.00544738018266,0.4590368190285208,0.7634296075766009,False,False,False,False,False,False,False,False,False,True,False,False
2021,8,0.04878710503463059,58.24670391473288,8.99726448331484,102.59786428657654,0.5287055364970803,-0.046817586860285504,False,True,False,False,False,True,False,False,False,False,False,True
2020,2,-0.44008901058713173,36.315228131695676,11.95011209446189,92.39657667255713,0.6424780290562222,-0.9776640592717641,False,False,True,True,False,False,False,False,False,False,True,False
2024,1,1.645332668197962,71.20286527701467,5.95396133506337,99.0001667096158,0.7498076486530048,0.3532927685282417,False,False,True,True,False,False,False,False,False,False,False,False
2018,6,-1.378564143602109,71.00708670796669,7.712208984861613,94.11969732350927,0.44413082682776434,0.12531384148877067,False,True,False,False,False,True,False,False,False,False,False,True
2025,9,-2.2099444596162092,34.65575107728931,5.52488970955838,95.40184625133689,0.5933854898111007,-0.9927501245562359,False,False,False,False,False,False,True,False,False,False,False,True
2022,7,1.4933015621257555,39.96225525442091,10.146291270592409,105.12721736170003,0.37163456060238587,0.33434742094683506,False,True,False,False,False,False,True,False,False,False,False,True
2022,7,-1.4226085984766192,84.34250923018632,20.129629223743322,105.92067082865974,0.6871535444230665,-0.7136934718506799,False,True,False,False,False,False,False,True,False,False,False,True
2021,2,-0.4625828140565771,47.41669792858853,17.02651860666834,91.63539566131722,0.518085912549613,-1.1050508262144687,False,False,True,False,False,False,False,False,False,False,True,False
2022,12,0.7436070000996834,49.112276406346744,10.801263193502617,101.81986789473102,0.4830142204839026,1.2004616934835248,False,False,True,False,False,False,True,False,False,False,True,False
2018,12,-0.816847902375455,47.34584178167993,15.999328977908462,119.9856896179064,0.45595691983735626,0.8434108538525992,False,False,True,False,False,True,False,False,False,False,False,True
2018,9,-0.21424454337091037,46.07259210296382,2.0537988547286945,102.26828083762105,0.3529793376894578,-0.3846276164270356,False,False,False,False,False,False,False,False,False,False,False,True
2023,3,-0.12596043254699904,30.346754094250507,7.957747441229937,101.11055493124572,0.4604075538592389,0.4452886103989797,True,False,False,False,True,False,False,False,False,False,True,False
2021,11,-0.8457727947258943,29.802061802987883,9.073615258524502,103.20668701486939,0.8604106268479614,-0.6264510243605412,False,False,False,True,False,False,False,False,False,True,False,False
2019,10,-0.13735298691952277,53.048005071509635,8.973895520993617,96.09911435346481,0.7454272137949063,0.7454202827142047,False,False,False,False,False,False,False,False,True,False,False,False
2019,11,0.7831365352724501,53.048206434420386,14.39947477128546,101.18335471927318,0.962116704072379,-0.2970745132500433,False,False,False,True,False,False,False,False,False,True,False,False
2017,4,-0.040124057803329026,47.25633814718438,11.915408074785544,102.17396826347412,0.6068323657766707,1.2469812480386824,True,False,False,False,False,False,False,False,True,False,False,True
2023,7,-2.672587582219401,36.4440266608052,15.087821992832964,103.29905833616391,0.569817567138621,-1.9071388276787276,False,True,False,False,False,False,False,False,True,False,False,False
2024,9,-0.0283133356522669,61.43513839147174,9.27910069367941,105.86007500086768,0.4543249151631999,2.5057903148560925,False,False,False,True,False,False,False,False,False,False,True,False
2017,9,0.5697078815226975,47.897973073579905,18.549130366994955,97.70130065599625,0.49520471676447303,-1.6747188655948895,False,False,False,False,False,True,False,False,False,False,False,False
2023,1,0.021698171059916185,49.152365789145634,10.139504568446972,97.00994436944711,0.7795476169517124,0.029382697013691877,False,False,True,False,False,False,False,False,False,False,False,True
2025,5,0.12122418368935654,53.31844313000934,5.7481075769860555,110.83207254881808,0.42974168327627393,-0.7512343194730294,True,False,False,False,False,False,False,True,False,False,False,True
2023,6,0.22511672703840255,58.43449767089205,13.008318277562312,115.77545481575521,0.5275363856222083,-1.2575119586549002,False,True,False,False,False,False,False,False,True,False,False,True
2018,7,2.4459786114380284,28.8408484893361,11.442392343048418,89.42009182279254,0.6333086883062664,1.582399552691461,False,True,False,True,False,False,False,False,False,True,False,False
2021,6,0.4214507405553377,53.00075793595903,17.51248205129006,97.2139150380419,0.6343873149682752,-0.4302700605070151,False,True,False,False,False,False,True,False,False,False,False,True
2017,3,0.6086824129137884,32.321044249984105,16.64960791919183,125.60194384413651,0.3525520987248657,-0.24384820298240492,True,False,False,False,False,False,False,False,False,False,False,False
2023,4,0.5207208987017389,29.100762419669046,9.748614786974393,96.3051889525303,0.46885720341042525,-0.14248804924595843,True,False,False,True,False,False,False,False,False,True,False,False
2020,1,1.2553824609077604,55.46773488909275,9.399538669311587,104.10915964649895,0.2739961410620657,-0.2022042088991031,False,False,True,False,False,False,False,True,False,False,False,False
2024,6,0.895780511037257,72.34457136185935,14.726617759337312,100.14520422356372,0.5173083588518843,0.5778512233281415,False,True,False,False,False,False,False,True,False,True,False,False
2019,3,-0.3039346765201432,40.53842442213165,10.987410467413728,92.99826937391833,0.1817223750267244,0.48078018310931514,True,False,False,True,False,False,False,False,False,False,False,True
2023,1,1.7690833257701195,43.13148058796618,19.261601866848963,95.88230381933425,0.4446095314421104,2.1035567201819507,False,False,True,False,False,False,True,False,False,False,False,False
2019,10,0.46114639135983565,29.86468493800698,15.397458010553203,83.94217489767553,0.6231824414383625,1.216148940980018,False,False,False,False,False,False,False,False,False,False,False,True
2021,4,2.4274720443376094,41.798323666036644,10.804155855447618,110.59724541238906,0.3202352107174623,0.05881501998245523,True,False,False,True,False,False,False,False,False,False,True,False
2018,5,-1.448357837970381,41.87518610901657,8.965225084633254,90.1909341516528,0.4657555379728227,0.9312134911910329,True,False,False,False,False,False,False,True,False,False,True,False
2017,2,0.7130692818515867,58.41920789601825,15.852710348238583,86.87166964451453,0.5698805926861502,0.7561601975395755,False,False,True,False,False,False,True,False,False,False,False,True
2018,3,-0.767795559731436,75.94569186123854,9.777556773995236,93.63151614539908,0.35831319746634793,-1.975896885124939,True,False,False,False,False,True,False,False,False,True,False,False
2025,1,-0.7085114868189184,62.68976269635188,10.35581112177843,82.3796797766764,0.18789899688228356,0.36276482603990634,False,False,True,False,False,True,False,False,False,False,False,True
2021,11,-0.374481889485818,45.53036175785906,11.341301881526771,105.18364119464509,0.4119730719980893,1.3025255912501814,False,False,False,False,False,False,False,True,False,False,False,True
2018,11,1.8953836254766674,48.12281616933261,6.748781362876613,96.75451150493052,0.6894280207596925,-0.7256184877506775,False,False,False,False,False,True,False,False,False,False,False,True
2024,8,-0.45572501084051054,41.22895884148311,8.62346524806809,106.44814182485396,0.7685229251681307,0.47651466322717995,False,True,False,False,True,False,False,False,False,False,False,True
2018,10,0.4664928167495073,43.92342242404115,9.328095398245761,94.640937548968,0.20329626943908546,-0.7208883568080272,False,False,False,False,False,True,False,False,False,False,False,False
2018,1,1.4399431391006616,54.2310799434095,11.270119072534046,93.8197952977712,0.7225427850763432,-0.3946883837708456,False,False,True,False,False,True,False,False,False,True,False,False
2018,11,0.37933916628423964,34.25637760197566,13.57872124923213,94.4759947006995,0.4825350018419335,-1.0758514886645454,False,False,False,False,False,False,False,False,False,True,False,False
2022,8,-1.0036894036331077,59.212032861750586,12.25880322412413,101.89100256284637,0.34385389629915053,0.3382447744369442,False,True,False,False,False,False,True,False,False,False,False,False
2017,12,-0.9875177798486946,45.83894622865756,2.777478924009331,93.45279609702631,0.5140107751621126,1.3507926484737003,False,False,True,False,False,False,True,False,False,True,False,False
2022,4,-0.9573927260743923,24.464140659634545,19.183759271643225,79.10878278825759,0.6797277514006098,1.0526771608870498,True,False,False,True,False,False,False,False,False,False,False,True
2021,5,-0.23388051091793519,46.48876890379782,1.5500875429582193,113.59311554343967,0.7639015968654616,-0.7586401780205851,True,False,False,False,False,False,True,False,False,False,False,False
2022,5,1.927369755230228,44.692219686952235,14.994838989513081,97.65745315383643,0.47360495031450817,1.4258148306808758,True,False,False,False,False,False,False,False,False,False,False,True
2020,12,1.0063904776197492,35.94276190230299,16.59898589344098,104.48394164078685,0.39899539647715343,-0.21816545533062276,False,False,True,False,False,False,False,False,True,True,False,False
2020,6,-0.23768363840527992,25.59188290174358,11.090613646969485,108.39801439421308,0.6160325971286937,0.872435178022542,False,True,False,False,False,False,False,False,True,False,False,True
2019,5,0.49105460480878543,38.29318813237002,6.8010155988182,102.33222838177412,0.4710759468961627,1.246790275725483,True,False,False,False,False,False,False,True,False,False,False,False
2020,10,-0.3657567190475306,54.976084775833094,13.102209066233337,121.06876464431488,0.5447053981087164,-1.3055239031696757,False,False,False,False,False,False,False,False,False,True,False,False
2019,7,0.4545318718688109,59.802519823077695,13.22766365593508,94.66594921933253,0.5575885403637761,-0.3553453276653664,False,True,False,False,False,False,False,True,False,False,False,False
2024,5,1.2416372628987402,20.957159596107648,5.925201789066307,99.28773048700182,0.5848324341456129,-0.0682381088639992,True,False,False,False,False,True,False,False,False,False,False,True
2020,12,0.5799338417292843,46.604968504517984,4.860406400386603,94.64771120125427,0.5478634844779603,2.5919470477380866,False,False,True,False,False,False,True,False,False,False,False,False
2022,3,0.4797325155225118,37.64456035143,15.78461697545909,96.52968163994473,0.34066025673248346,0.23820002478458924,True,False,False,False,True,False,False,False,False,True,False,False
2024,2,-1.1123319147813555,74.60424216132498,7.829275390793986,104.48120791042749,0.6459461712968538,0.6466334561984278,False,False,True,False,False,False,False,False,True,False,False,True
2018,4,-0.8974207207714328,24.727057467363128,12.329990547859037,81.95144900570983,0.40903694288969095,-1.33716777999237,True,False,False,False,False,True,False,False,False,False,False,True
2023,2,0.7314943098048676,61.084188561851704,12.325147895455594,95.80759018305308,0.48041889276400307,0.6056808900303366,False,False,True,True,False,False,False,False,False,False,False,True
2024,8,-0.14028378774059883,54.319624905712224,6.500134705593101,101.57910757049177,0.3531402132520156,-1.1279706645626761,False,True,False,False,False,False,False,True,False,True,False,False
2024,6,-0.12607553636990937,30.985920969069397,17.48653214715829,103.68220569728571,0.5945093591077939,-0.05264523083831041,False,True,False,False,False,False,False,False,False,True,False,False
2017,10,-2.1522470646236362,41.37172594368823,13.932144569752477,103.21595904147131,0.9140030593122426,-0.9240831699718196,False,False,False,False,False,False,False,True,False,False,False,False
2019,1,-0.8313656987973053,68.54514743916411,12.277342566501527,99.97017601611442,0.6198173436094743,0.43005514067285533,False,False,True,False,False,False,True,False,False,False,False,False
2022,4,0.21943995861993149,45.26519436739079,9.632212900848772,103.06159803306883,0.3964875557498655,1.6632101128886154,True,False,False,False,False,False,True,False,False,False,False,False
2022,10,1.098148252187747,27.430921570041004,17.13075954015195,101.1659391923123,0.7435727324078496,1.006438316255191,False,False,False,False,False,False,False,False,True,False,True,False
2023,7,-0.9752363117526348,58.32604580107018,15.79483438986264,95.5790883382301,0.7433905795230907,1.4731893962485594,False,True,False,False,False,False,True,False,False,False,False,True
2021,3,-0.3147719499179916,34.925788411995605,10.92842118963876,91.63474035761861,0.7982598254362838,0.42705554324524786,True,False,False,False,False,False,True,False,False,False,False,False
2018,9,0.4288032178339101,56.38495718955147,19.35977861656393,103.33779563535623,0.6030710850187632,-0.39541649170215,False,False,False,False,False,False,False,True,False,False,False,False
2019,6,0.5066059096794557,60.27407008553029,11.298123761117784,97.86688302152231,0.6729067788941078,0.35033822407253107,False,True,False,False,False,False,False,True,False,False,True,False
2018,11,-0.017528248282177424,50.451044061703726,13.577798819480137,119.8581620358593,0.49411308120527453,-0.45766188575892325,False,False,False,False,False,True,False,False,False,True,False,False
2019,5,1.132051367210679,45.69354787706649,14.246952289309807,93.95285077286209,0.5068770595381273,-1.302267368971505,True,False,False,False,True,False,False,False,False,False,False,True
2025,8,-0.72539425762824,51.53135937332122,11.1815645857515,102.16586968108128,0.7134728001708989,0.060630089731278085,False,True,False,False,False,False,False,True,False,False,False,True
2024,9,-0.08259146174516069,39.11203936260162,8.252984654164237,89.9967107959523,0.3616735175164521,-1.2616068747216234,False,False,False,False,False,False,True,False,False,False,False,False
2018,3,1.2037821530254462,11.006982524446428,18.782665132526088,113.1267873297803,0.5622268285170584,-0.9500508260423803,True,False,False,False,False,False,False,True,False,True,False,False
2017,8,0.6710124272110006,67.4285984456988,12.902204187404307,100.55188856253201,0.3811882890354882,-0.08083100561848665,False,True,False,False,False,False,False,False,True,False,False,True
2022,8,-0.05502796639029617,0.0,15.43291408690727,102.13464482631791,0.7133814307050812,-0.05079167799560296,False,True,False,False,False,False,True,False,False,False,True,False
2020,12,-1.0878520374669252,45.14562138727265,14.05224161754938,99.3634389650577,0.4198407640084678,1.098678954870516,False,False,True,False,False,False,False,False,True,True,False,False
2019,7,-2.1640768714730703,63.4045031691416,11.163567334328247,93.37087260078388,0.7175401739784394,-1.5385342312883374,False,True,False,False,False,False,True,False,False,True,False,False
2017,6,0.028149910224203063,67.1915995857762,15.413381400959492,93.66873467229964,0.6467800909580883,1.0929824711059881,False,True,False,False,False,False,False,True,False,False,False,False
2023,10,1.4955440152017352,43.53261132791708,15.71661087839185,112.33264099313317,0.5989137654431625,-1.6786615521872594,False,False,False,False,False,False,False,False,True,False,False,True
2017,3,-0.8044978195424114,64.69893664545782,11.184372657668838,107.3663718207462,0.529784771253445,-1.6232681884604083,True,False,False,False,False,False,True,False,False,False,False,True
2024,3,0.3881369233081794,54.13536099113071,10.379740690552875,106.99660823744313,0.5317648538783152,0.37571265391317665,True,False,False,False,True,False,False,False,False,False,False,False
2022,7,0.3153420177865781,65.93800274464876,12.087564295773578,99.62490640560881,0.5586414648774609,0.5166530828139859,False,True,False,False,False,False,True,False,False,False,False,True
2021,7,-0.8829719061139744,13.487310523872402,12.441915264873135,117.76821437180095,0.5516779246421052,0.7530301599246617,False,True,False,False,False,True,False,False,False,True,False,False
2022,8,1.45727086327856,59.99927943444254,5.400069067371097,105.56972441464195,0.27750861256297266,-0.8693450596806322,False,True,False,False,False,True,False,False,False,False,False,True
2021,3,0.48030781722418714,34.307266704041176,7.560279940021202,103.52695477158426,0.8736077615747715,-1.9240211990303109,True,False,False,False,False,False,False,True,False,True,False,False
2023,10,0.3546211607750226,49.415258476587056,6.690313769984157,108.35222939685947,0.5823088048733926,0.6019898056649623,False,False,False,False,False,False,True,False,False,False,False,True
2020,11,0.1410953821621393,66.54173370991359,16.496315053379444,103.38055052945987,0.6998072747383923,0.011208859479515595,False,False,False,False,False,False,True,False,False,False,True,False
2020,4,-0.3826602608642019,61.219133432328235,19.18212433582474,118.2879398773736,0.3593034816315809,0.39412586588987,True,False,False,False,False,False,False,True,False,False,False,True
2017,6,-0.2441227717526189,35.712326478597404,8.651396211813447,101.42013675525672,0.2645756579467789,-0.10798068167831221,False,True,False,False,False,False,False,False,False,False,True,False
2022,9,-1.3684914335223863,62.837446971589856,5.65285800289997,95.9452155613174,0.5830296984290685,1.0153062826248176,False,False,False,False,False,False,False,False,False,True,False,False
2018,9,-0.5592024737257201,51.49508311320255,16.29468484548272,85.90577101701955,0.2884708959525316,1.1804373778973447,False,False,False,False,False,False,False,False,True,True,False,False
2019,4,1.0823430544352473,56.28530905786971,10.792740578710477,92.10432075098552,0.23726417234132552,2.1713830601352306,True,False,False,False,False,False,False,False,False,False,False,True
2020,6,1.808299094493722,53.059991916660714,13.573710997908464,97.75988501023495,0.4047071743060232,-0.2168474850667725,False,True,False,False,True,False,False,False,False,False,False,False
2022,5,1.4443437020934313,56.52181439321988,7.199291533723983,101.24527441456753,0.6979220963079558,0.2504328563942105,True,False,False,False,False,False,False,True,False,False,False,False
2021,9,0.4937227144602481,44.58472347910562,13.760185389759247,101.98670827012616,0.4839493423965685,0.38003140719429374,False,False,False,False,False,False,False,False,False,True,False,False
2021,9,-1.3321457556916456,47.07425223193352,18.72243969486507,91.19577870805229,0.5157223239464162,-1.3221682177229857,False,False,False,False,False,True,False,False,False,False,False,False
2020,9,1.4732243456394702,36.96236136904022,20.179732343649817,99.57978105021462,0.08394245398738348,-1.2426849434224,False,False,False,False,False,False,False,True,False,True,False,False
2019,6,-0.7685457897914107,51.06897073367846,9.42973705449066,107.32799318190675,0.4612858005333005,0.7731589272535316,False,True,False,False,False,True,False,False,False,True,False,False
2020,2,-0.7663886801111608,68.58739997630653,11.33120119230549,112.52451856073162,0.5719691130812392,0.695517347469211,False,False,True,False,True,False,False,False,False,False,True,False
2023,5,-1.44246685084566,43.84315113441478,10.864977918029885,89.82588274313392,0.3067700495580753,-1.5786830961518248,True,False,False,False,False,False,False,True,False,False,True,False
2025,4,-3.131904818744181,31.795958327912864,16.40716089211552,93.26890573619379,0.5872124064901125,1.2829187342068633,True,False,False,False,False,False,False,False,False,False,False,False
2023,8,0.7673386977205734,48.493644382732285,18.7624585971561,87.74812562737604,0.8594857204059311,-2.5493767704006305,False,True,False,False,False,False,False,True,False,False,False,True
2025,1,-2.706337529420083,29.85010344556603,4.480623386698615,104.32885736912777,0.6272775518367835,-0.44387454292512724,False,False,True,False,False,False,True,False,False,False,True,False
2018,5,-0.7424695604235784,48.22118616762754,5.196440924579116,98.75823369951831,0.8567884863940631,1.0028569747749874,True,False,False,True,False,False,False,False,False,True,False,False
2024,4,-1.0336356655189114,64.85399746557415,14.483199089063753,84.71457042197041,0.5137733554779679,-0.4496841826791043,True,False,False,False,False,True,False,False,False,False,False,True
2018,2,0.6135855160113759,73.81143992211722,19.899861781372316,105.7504544459829,0.5841167082614859,-0.7195201794708872,False,False,True,False,False,False,False,False,False,False,False,False
2018,6,0.9769641504287125,61.329037363555955,15.667092236130337,112.97759599204835,0.8574424529061171,-0.03129480985833017,False,True,False,True,False,False,False,False,False,False,True,False
2017,12,-1.1837213277652818,54.46736663729905,18.277649770681645,98.36384591146056,0.8844719710488778,1.8116571865359512,False,False,True,False,False,False,True,False,False,True,False,False
2025,12,0.6536827088113185,41.194634133994256,13.983529407613604,88.93200869544705,0.5087654538317293,-2.196112305792902,False,False,True,False,False,False,False,True,False,False,False,True
2018,3,1.050533649906501,62.391853154791455,11.061940085523961,89.73675518571628,0.4851171837735522,-0.750572109710102,True,False,False,False,False,False,False,True,False,False,False,True
2021,2,1.1502237584974535,34.45638541125312,15.771857888945446,102.80024261009405,0.2365871635897644,0.7115436789237772,False,False,True,False,True,False,False,False,False,False,False,False
2022,1,-1.4026906774030896,35.70386952155033,9.960943521051536,106.26180533503336,0.47590964881986764,-2.3871521121252735,False,False,True,False,False,False,False,True,False,False,False,True
2024,11,0.11554952316446464,54.21513883230218,7.868605222719112,104.07788818941788,0.6158097034180467,-0.8896638105646044,False,False,False,False,False,False,True,False,False,True,False,False
2025,1,-0.15355032217003803,39.488110836215874,13.684156398033416,99.52481135208039,0.4819382428361826,0.33723547852414704,False,False,True,False,False,False,False,True,False,False,False,False
2023,8,-0.12875857572966917,65.5785319611859,16.02459146633836,103.11038933504987,0.8459860063179385,-0.9810764913178983,False,True,False,False,False,False,False,True,False,False,True,False
2024,8,-1.0946963870308715,43.728880565282815,12.271824052043634,87.24739940823336,0.4804539600507604,-0.9787767576860877,False,True,False,False,False,False,False,False,False,True,False,False
2020,7,-0.2027693556638182,53.72020266071339,13.083580251561022,96.69441637619524,0.8381552133253162,0.2912471253656829,False,True,False,False,False,False,False,False,False,False,False,True
2024,4,1.8206325972057207,22.743694563197707,12.65752837780496,92.44262935854958,0.5089438174026683,-0.35074104034384945,True,False,False,False,False,False,False,True,False,False,False,True
2020,3,1.7684253285138456,35.496858624040485,12.781521317506005,92.49847408586498,0.6255298467610066,-0.3654318573986666,True,False,False,False,True,False,False,False,False,False,True,False
2023,5,-0.45827766831728356,47.477119321595715,10.655480066570483,104.59144492293143,0.6498803050174409,1.1284890365217846,True,False,False,False,False,False,False,False,True,True,False,False
2023,12,-1.629636090484295,38.90218234628127,12.950725167328406,98.2223557986329,0.5676751606245048,-1.7013150734801645,False,False,True,False,False,False,False,False,False,False,False,True
2017,11,0.07949606309144953,49.89430189196773,13.327074760241654,114.11449548005994,0.5610255850461303,1.5324939714590151,False,False,False,False,False,True,False,False,False,False,False,False
2025,11,-0.938544547309233,55.71402420272856,12.415926386821477,108.41029492139573,0.658890572002546,-2.1512070041123073,False,False,False,True,False,False,False,False,False,False,True,False
2020,11,0.010286727337475357,57.90299878549854,13.005286539249129,80.69590298230176,0.5220969934759286,0.866447011069771,False,False,False,False,False,False,False,True,False,False,False,False
2018,9,1.288832392310989,26.688817684690683,16.396078320481465,93.31345636936595,0.37676568716399184,0.5331344037084068,False,False,False,False,False,False,True,False,False,False,False,True
2022,5,1.017021806418191,38.96741438535445,13.555489368368015,86.6343188188616,0.5149650174041737,0.6522721175661845,True,False,False,False,False,False,False,False,True,False,False,True
2021,4,0.3556933821137109,51.17481037608397,11.09021883752863,105.68997534850514,0.5790126963043282,0.2918037041313899,True,False,False,False,False,False,True,False,False,False,False,True
2023,11,-0.8014387797551964,74.66054473047329,12.649749723862556,99.89152661716618,0.7940878536672942,1.6628817448205502,False,False,False,False,False,False,False,True,False,False,False,True
2025,7,0.06597450310600346,48.971337964119726,14.486660255982484,99.13369240697256,0.818918022584202,0.5766508774815967,False,True,False,False,False,False,True,False,False,False,False,True
2025,1,-0.684583688827855,31.059882319725162,9.117055499070295,82.79276345996871,0.42320161370770054,-0.10750399922962861,False,False,True,False,False,False,False,True,False,True,False,False
2017,6,-1.3486756563739577,69.6640752482966,11.419484866714992,87.7700960483127,0.2922473299623106,-1.1885263272964757,False,True,False,False,False,False,True,False,False,False,False,True
2019,7,-0.5178000026979704,23.200717698054838,13.676359140092638,103.3281330430701,0.19956806879217848,0.5003377828194732,False,True,False,False,False,False,False,False,True,True,False,False
2017,3,-0.6483584136249257,69.03417712149688,9.5358382487003,87.93302331483676,0.819906390636846,0.33278488807662393,True,False,False,False,False,True,False,False,False,False,False,False
2019,11,0.20967930909148969,41.52217957653671,10.70163733408382,97.6695369076266,0.5937731795604401,-1.2273016561724444,False,False,False,False,False,False,False,False,True,False,False,True
2019,8,-0.7701280826406874,22.958996749179477,11.332877450304212,103.09758684562921,0.5473117625000553,1.8243427851000615,False,True,False,False,False,False,False,False,False,False,False,True
2017,3,-0.3166228050618577,48.38749768353912,15.254911009678144,90.62710308532888,0.45975759867982696,0.09758224092846901,True,False,False,False,False,False,True,False,False,False,False,False
2017,10,-0.046353702580765745,56.0632270402846,10.961883450158131,102.9412879462182,0.6331248830870526,-1.5353063021612068,False,False,False,False,True,False,False,False,False,False,True,False
2020,7,0.24960563101494201,50.04928676673638,14.00378075934626,97.93826750889875,0.6467605987968953,-1.2945221817905157,False,True,False,False,False,False,False,False,False,True,False,False
2023,12,1.1991704686772062,38.16252951091391,10.60673895726753,112.21058713798203,0.28142994745233213,0.8729120942991958,False,False,True,False,False,False,False,False,True,False,False,True
2020,10,-0.5857115289891855,46.39251562276409,12.848217965940135,105.65302387070027,0.8547679160680846,-1.006421538301779,False,False,False,False,False,False,False,False,True,False,False,True
2024,3,-0.14248242438660505,33.49984769375815,11.876004381261922,96.56521739781657,0.8471127930226001,0.5158827721264073,True,False,False,False,False,False,True,False,False,False,False,True
2021,2,-0.8142875530732823,37.97780898885463,9.994388295016451,86.88746497683547,0.6749763450004279,1.8655780310359804,False,False,True,False,False,False,False,True,False,False,False,True
2019,8,-0.6266315595125326,51.71176356707921,7.708275567954758,88.87474601223936,0.44727008818399794,-1.2871643737246663,False,True,False,False,False,False,True,False,False,True,False,False
2025,5,0.38289509516169207,52.71295136982247,5.980620761646592,104.85327294367428,0.6171517150862017,-0.8562045521961766,True,False,False,False,False,False,False,False,False,False,False,True
2018,1,-0.8071135206413219,47.414742916196325,15.505953789768416,106.74696827707348,0.8044420843975855,-0.9983333049937513,False,False,True,False,False,False,False,False,False,False,False,True
2025,2,-0.5327356730352747,43.28871283715484,8.065948209840478,112.79318067585324,0.28645136208290223,-0.22029290001808802,False,False,True,False,False,False,True,False,False,True,False,False
2018,8,-1.8670601808949647,24.09922771519363,9.148780512945148,95.63439902440706,0.6055675807691845,-0.3382511036836211,False,True,False,False,True,False,False,False,False,True,False,False
2019,2,1.168003385326591,52.45337017092902,22.12771862770253,91.68185480742808,0.656584314620164,-0.6977934544676601,False,False,True,False,False,False,True,False,False,False,False,True
2020,3,0.05285130986894881,42.83562044968139,11.922716324626656,90.61867432586548,0.7593073717813726,1.5672280636879041,True,False,False,False,False,False,True,False,False,False,False,False
2018,2,-0.9948072371447515,47.97330453640057,10.16688424259646,99.18623581480931,0.4062381156608206,2.1977875602358967,False,False,True,False,False,True,False,False,False,False,False,True
2021,3,0.07424363469202304,56.85597371265294,7.733191399934299,99.04012147769355,0.2765835635962643,0.4447858668440133,True,False,False,False,False,False,True,False,False,False,False,True
2024,8,-1.0511759472670905,35.79125149656049,13.249636052611681,95.97788663951165,0.3948266840914268,-0.29356151296573024,False,True,False,True,False,False,False,False,False,True,False,False
2023,3,-1.61973469381174,59.67101437263569,5.514709320961421,111.83647716510612,0.4007229590517649,-2.0491920166173037,True,False,False,False,False,True,False,False,False,False,False,False
2021,3,-1.7104680495732754,43.10183276394467,6.270081011833174,103.79629348111185,0.5675943579272955,-0.5360428189522269,True,False,False,False,False,True,False,False,False,True,False,False
2019,12,0.2169618236145243,43.20696971931297,13.78352250196071,115.78475628910975,0.3462389879056761,-0.6133731833684581,False,False,True,False,False,False,False,True,False,True,False,False
2017,11,-0.3056778613015072,67.38644666141276,20.5639191626615,95.03954087903955,0.8023049111234744,0.5386214617743597,False,False,False,False,False,False,True,False,False,True,False,False
2021,2,1.3261290700366843,51.13592537102616,6.544183486351481,101.12212197826007,0.8847806706672958,-0.6906674495813695,False,False,True,False,False,False,False,True,False,True,False,False
2025,10,-0.5197719507535998,59.922376008862585,17.56553349008073,107.94233860363508,0.45650964333816624,2.174845957428076,False,False,False,True,False,False,False,False,False,True,False,False
2017,2,1.7634923105597426,44.074338282045936,10.854430800916772,93.19689359953088,0.5192835440643251,0.3215679376343867,False,False,True,False,False,False,False,True,False,True,False,False
2021,2,0.20920249248664097,43.36114643015951,19.55432667470957,103.55114085609058,0.34726044516533605,1.7958348093792744,False,False,True,True,False,False,False,False,False,False,True,False
2020,10,1.6739744952710462,67.69043469039619,12.272300319692155,88.14696902569857,0.5490559139481733,-2.1595440976439484,False,False,False,False,False,False,True,False,False,False,False,True
2019,6,0.47268309223861316,31.043745208902173,10.60472795250397,94.3979500384856,0.6023659416979454,-0.42702666442117354,False,True,False,False,False,False,False,False,True,False,True,False
2017,1,-0.46199300235426094,42.44974956729272,15.139513229985806,91.80703545929063,0.41145401793987707,-0.7639359827068721,False,False,True,False,False,False,False,False,True,False,False,True
2019,2,-0.894283021882052,75.45037605848682,15.572018466305556,111.9866728622361,0.7305157513081955,-0.2955712065231284,False,False,True,False,True,False,False,False,False,False,False,False
2019,12,-0.5241829062550026,44.211828308671315,15.329823610850086,108.88872435509089,0.4343244640359691,-0.15682874325924895,False,False,True,False,False,False,False,False,False,False,False,True
2019,11,0.18425522240455336,45.18570498925484,10.87337949431108,97.99929923484392,0.7037481997659483,-0.5241716983237139,False,False,False,False,False,True,False,False,False,False,True,False
2024,11,0.7155380517039994,38.193235471893416,12.772884587592578,100.54923635569847,0.41277794595787887,0.44356219360673566,False,False,False,False,False,False,False,False,True,False,False,True
2020,4,-1.8187577691239185,54.48272066657591,9.927780029349286,100.13664000162542,0.4709702185457567,1.3326617018404776,True,False,False,False,False,False,False,True,False,True,False,False
2023,5,0.5280186796945225,39.15488685915195,9.529956742209642,85.87668289271976,0.2252075638996242,1.4186353120639537,True,False,False,False,False,False,False,False,True,False,False,False
2017,3,2.6111026783878413,32.78238157774422,13.725696493246451,93.68597684863028,0.33022822991324163,-0.727632144277959,True,False,False,False,False,True,False,False,False,False,False,False
2020,9,-1.241737812151367,51.97443967143762,13.177136874273096,95.20004490639757,0.7662044107425244,-0.45254444222339946,False,False,False,True,False,False,False,False,False,False,False,False
2024,7,-1.8903722477087583,37.521695755042764,16.125316572854608,110.20060217726628,0.631413475500178,0.6172873224960682,False,True,False,False,False,False,True,False,False,False,False,True
2020,7,0.1451667803970126,68.23744039620632,14.405869696300641,83.70050795447638,0.4612573907709041,1.1435274200570102,False,True,False,False,False,True,False,False,False,False,False,True
2023,12,-0.595703275413406,37.8826642203276,12.204188706149369,101.0873152184605,0.7127295161212924,-1.5430863698582877,False,False,True,False,False,False,False,False,False,False,False,True
2022,3,-0.8363014199559217,40.96786879040555,12.566262813212475,103.33323785433592,0.43681260341162953,-0.008361855838356781,True,False,False,False,True,False,False,False,False,False,False,False
2022,1,1.7215769172969146,43.82497381284509,16.840589810464376,89.64666119775963,0.13718968426572292,2.519235815445017,False,False,True,True,False,False,False,False,False,True,False,False
2017,2,0.9429557561096632,59.76109141485841,21.125443832124777,97.82767649195536,0.4925931577606838,0.24253628500372185,False,False,True,False,False,False,False,False,False,False,False,True
2025,1,0.7070407250968996,74.9617416315441,12.11113805063091,97.76316793554989,0.6230657592751571,-0.04347637559950335,False,False,True,False,False,False,True,False,False,False,False,False
2019,1,-1.6458011720890138,34.65552250666397,11.774455892907424,91.03618801323962,0.3205304750555258,-2.7698836184845677,False,False,True,False,False,False,False,False,True,False,False,False
2024,12,-0.6628522221367055,53.22289833342188,16.414368046548052,109.97201933958797,0.7122344671285716,-1.1672787351545773,False,False,True,False,False,False,False,False,True,False,False,True
2025,6,-0.2204745825863184,66.36807635879245,10.331548532047135,103.72232748359279,0.4843645487562083,-0.3131916920406554,False,True,False,False,False,False,False,False,False,False,False,True
2019,1,-0.020094548375796818,35.45197965783588,11.958806904309645,95.76987394077291,0.5688299614808504,-1.1862149390699346,False,False,True,False,True,False,False,False,False,False,False,True
2021,6,-0.7862861216524827,70.93658229218377,15.681503173173521,88.26897235670823,0.6298151893814438,-0.4066943812075223,False,True,False,True,False,False,False,False,False,False,False,True
2020,7,0.6612751088830449,54.87567111779449,8.37976880691632,111.75783471354961,0.49642839337082134,0.062134580041521885,False,True,False,False,False,False,True,False,False,True,False,False
2022,2,0.3924989370016137,67.89279072429063,3.801292987019379,102.11804888855129,0.37527753873667025,-0.4990453460587155,False,False,True,False,False,False,False,False,False,False,False,False
2018,10,0.5581170119496541,51.09166354912323,5.063062152056598,95.57120013400508,0.6227757930995489,-1.562730007139199,False,False,False,False,False,False,False,False,False,False,True,False
2023,6,0.6408941585421234,40.71295935587995,5.5482782962884905,114.4812919535474,0.3983431633263489,-0.1827327437617704,False,True,False,False,False,False,False,True,False,True,False,False
2020,5,0.45122938552183306,42.2927977489104,13.673202400893171,104.64702651411636,0.23597329027139546,-0.04920946293737541,True,False,False,False,False,False,False,False,False,True,False,False
2025,6,-0.05097586530525164,48.20762134340006,4.093190948541251,75.17523239707583,0.5151774946669153,1.9996737921018612,False,True,False,False,False,False,False,False,False,True,False,False
2020,1,0.958511253780106,44.428608084580404,12.835701987284653,111.40371338599542,0.5265698571645878,2.5587314219806183,False,False,True,False,False,False,True,False,False,True,False,False
2018,4,0.4986358672518455,49.87677529375265,18.8327793202335,106.60419412966903,0.5692051997899202,-1.3172348617768252,True,False,False,False,True,False,False,False,False,False,False,True
2024,1,0.7779342200275429,44.81953083192895,9.698020182526058,109.09746715124773,0.6566018557918823,-0.39973399038889545,False,False,True,False,False,True,False,False,False,False,False,False
2023,12,0.9265600692170585,51.73719024383139,13.470893627210113,97.8801412117404,0.24470568441417118,0.7114888270604257,False,False,True,False,False,False,True,False,False,False,False,False
2018,12,-0.47827713800819477,60.08232467301061,7.752705403642024,93.78266728662157,0.6606812109246395,-0.4314666628634145,False,False,True,False,False,False,False,False,False,False,False,False
2018,10,-0.35444799597628235,55.02117360339189,13.588511206817524,97.86337089013762,0.8251353252089075,0.2242314410317344,False,False,False,True,False,False,False,False,False,False,False,True
2017,2,-0.6328434548521167,50.85691420180341,21.64032142619718,91.13993116344953,0.5216613630410366,-1.3624921977174909,False,False,True,False,False,False,True,False,False,True,False,False
2019,3,-1.2128906345418562,56.94300233382358,15.976658973341664,95.01059560485922,0.8046641055131899,-1.6883937561515834,True,False,False,False,False,False,False,False,False,True,False,False
2017,1,-0.8424820425687267,68.542159590934,7.191155668545238,97.25593104786975,0.4081426240097976,0.48557702994877266,False,False,True,False,False,False,False,False,False,False,False,True
2025,5,-0.3281428321466607,68.36594719893165,12.314562614987128,91.44640525170513,0.393983155115737,1.4338131332739619,True,False,False,False,False,False,True,False,False,False,False,False
2022,10,0.4374484348615332,41.44125947219524,4.687089394149507,109.65428085787453,0.4127320718668679,-1.9000353999779174,False,False,False,False,False,True,False,False,False,False,False,False
2023,6,-0.6617235981881447,46.784834198043086,11.108871615210655,98.28011640025377,0.26002866998490204,0.43065898532838315,False,True,False,False,False,False,True,False,False,True,False,False
2021,5,-0.8816276824763011,82.42912671782754,22.671777995060438,98.06760660115448,0.500996296772515,-0.333077991461158,True,False,False,False,False,False,False,False,True,False,False,True
2017,9,1.7851278019658896,54.88278204258903,16.43989965089649,97.36740184642785,0.3850087931590369,-0.32989774250221926,False,False,False,False,False,False,True,False,False,False,False,True
2023,1,-0.7210621147987927,11.953549925779917,9.422810676627899,97.21407038997019,0.6969678011819391,-0.37265285346052174,False,False,True,False,False,True,False,False,False,True,False,False
2023,6,0.6784028752966336,11.601251505462542,12.211496789633214,92.070460208068,0.6671919020927086,0.5405160350456568,False,True,False,False,False,True,False,False,False,False,False,False
2025,1,-0.7820778736683621,40.750442901133,13.619557811691516,107.19913060971265,0.817232557184334,0.37898225857006895,False,False,True,False,False,False,False,False,False,False,False,False
2025,10,-0.5594707431489028,56.57607805073554,14.011888247957964,100.35075164970796,0.9047679634669299,0.60267529711283,False,False,False,False,False,False,False,True,False,False,False,True
2025,8,0.3002934374411798,54.10440911801916,5.915113359878552,111.13120688479627,0.34143706864020823,-0.06922733527997318,False,True,False,False,False,False,True,False,False,True,False,False
2025,6,-1.1336916855468007,29.657207211037562,15.310575196579093,109.86886852667907,0.5205221364334687,-0.7188799926247862,False,True,False,False,False,False,False,False,True,True,False,False
2023,7,-0.7853075926357327,50.527258690857636,10.882150754675479,105.14845892000784,0.46301897293668504,-1.2676492312148346,False,True,False,True,False,False,False,False,False,True,False,False
2017,8,0.007384974130325764,40.34768436375306,6.807144940175438,99.78685050565436,0.42910367192346305,0.1382238071542727,False,True,False,False,True,False,False,False,False,True,False,False
2020,11,1.6485747229738668,26.56544769613759,13.37811363394762,80.44029339968027,0.6707598889869694,0.5201095956248266,False,False,False,False,True,False,False,False,False,False,False,False
2019,11,1.2859973646782836,20.685929198681215,15.753163165465498,95.54433511861302,0.3992454108149078,0.9107079513000965,False,False,False,False,False,True,False,False,False,True,False,False
2025,6,-0.5445707318949119,55.829379112166755,16.822468344045653,104.25510495361439,0.44793439802637547,-0.9034022625450834,False,True,False,False,False,True,False,False,False,False,False,False
2025,1,0.3139651524992144,32.643070271091275,8.882352818162257,92.84218515497497,0.6683256687175542,0.9474356365540741,False,False,True,False,False,False,True,False,False,False,False,False
2023,6,-1.845878874626824,15.819664948319648,14.768925769639676,105.41919904287363,0.6492523583544968,0.1478485549519405,False,True,False,True,False,False,False,False,False,False,False,True
2022,1,-1.2518522121799116,40.71294563786587,13.810862112700455,97.86131838896117,0.4084365327805334,-0.08330053089783662,False,False,True,False,False,False,False,False,True,False,True,False
2017,1,-0.1998795870983077,46.37543574256444,16.37942000529921,113.2688925510266,0.6665367300238844,-0.8352829312605818,False,False,True,False,False,False,False,True,False,True,False,False
2020,9,-0.2773532619310194,65.19284312222827,8.778172982469208,98.61312410314291,0.37441538799371965,1.7091714974091443,False,False,False,False,True,False,False,False,False,True,False,False
2019,1,-0.2979083142853102,59.21704800956664,7.823850677714773,98.43650175964609,0.7834057177800153,-0.2495180505293995,False,False,True,False,False,False,False,True,False,False,False,False
2021,7,1.2302584578796958,48.49820724595121,11.374348801230427,99.67305488561782,0.5119562709268559,-0.3119582098742691,False,True,False,False,False,False,True,False,False,False,False,True
2017,12,-0.2682331995332666,51.27174929601216,20.91718816155469,91.78131715025184,0.36902851008449467,1.3702151935211506,False,False,True,False,False,True,False,False,False,False,False,True
2019,3,-0.3989647753269165,67.09957979094386,10.489100925976329,103.35408189225735,0.6250307846357368,0.0510607655044548,True,False,False,False,False,False,True,False,False,True,False,False
2018,11,-0.7589848639930996,29.912675378906368,14.863990786676974,96.5977183588938,0.6941044524607882,-1.2835794232332018,False,False,False,False,False,False,False,False,False,True,False,False
2024,5,0.5910534756424747,49.80865924278125,1.748803350938708,90.9340257145194,0.426529933543486,-1.5928014285416519,True,False,False,False,False,False,False,False,True,False,False,True
2022,11,1.3573375839998063,31.7929747086318,6.875390848886912,89.17206742821584,0.7997115280864283,1.464777771630867,False,False,False,False,False,False,False,True,False,False,False,True
2019,8,-0.241369454701366,48.00302192394603,8.599663261871592,96.24477814692914,0.6287396719710245,0.5957972033550994,False,True,False,False,False,False,True,False,False,False,False,False
2024,2,0.06516906636423135,47.87793359570173,9.472584397193348,116.7124126662306,0.3383703984854157,-1.13343688314131,False,False,True,False,False,False,True,False,False,True,False,False
2023,10,1.7581109162143385,50.007953112996496,6.72421306647777,97.55948753636045,0.38488684601591366,-0.06253744217872143,False,False,False,False,False,False,False,False,False,False,False,False
2018,10,-0.29046317414044986,32.17431440813492,9.428558475386925,102.27665396440894,0.45712654651501056,-0.4723198153133484,False,False,False,True,False,False,False,False,False,True,False,False
2018,7,1.7098992559273836,22.641937174693993,8.057396218158788,116.34669536343023,0.7501125985927221,-0.016324396808585634,False,True,False,False,False,False,False,True,False,True,False,False
2022,10,0.5147842369624097,42.31760233458035,19.686381511582717,98.17528766010238,0.5651902914109618,0.9902269920616542,False,False,False,False,False,False,True,False,False,True,False,False
2018,8,0.7641082236837743,43.45273282452475,15.545367036064263,99.20624988949164,0.32983814802647216,1.8005059834424213,False,True,False,True,False,False,False,False,False,False,False,False
2017,1,-0.979394166902769,60.53454180532021,16.880790107199843,99.5200110286933,0.41372541508797867,-0.32998298442134943,False,False,True,False,True,False,False,False,False,False,False,True
2021,2,-0.305790465651731,83.68354138008785,14.221647048613823,98.56601085715053,0.5927899734682889,0.3891315291894291,False,False,True,False,False,False,True,False,False,False,False,False
2023,1,-0.2247317542133216,84.20624467884794,4.4354661559526605,110.59942086804014,0.7526099847177476,0.4357051268851052,False,False,True,True,False,False,False,False,False,True,False,False
2023,7,0.17033877080678794,48.37818742674618,9.641818078265263,98.60127596833325,0.787826007970652,-0.41057308157409034,False,True,False,False,False,False,True,False,False,True,False,False
2025,10,2.710546768846383,58.240068776697484,8.92083629222125,92.83215317671431,0.29531512201452137,0.04705294782287555,False,False,False,True,False,False,False,False,False,False,False,True
2019,7,0.8013572363555488,49.44014931425396,15.097375518357804,90.93876987387725,0.22923153430734022,0.25975638693745856,False,True,False,False,False,False,True,False,False,True,False,False
2020,9,0.5998267754606512,64.13832712265344,1.747525133173116,87.39362556864172,0.32953208500292896,1.7839591788715732,False,False,False,False,False,False,True,False,False,False,False,False
2021,2,0.7044116685560984,46.47602200568067,11.11811921401407,94.97462353763984,0.9574912484685373,-0.4066012322434449,False,False,True,True,False,False,False,False,False,True,False,False
2020,9,-0.4030738610061444,61.151102619173955,11.394575165934347,102.91539506534276,0.6185886557319095,1.961095788459011,False,False,False,False,True,False,False,False,False,False,False,True
2020,4,0.6281492777578134,17.234799765081156,8.488919198535932,99.98826485168954,0.7773468956427859,1.7968200675106465,True,False,False,True,False,False,False,False,False,True,False,False
2021,3,-0.8530899972351577,6.545079115140872,18.916477999955312,106.00297792224659,0.914151596910042,-0.15786561122341225,True,False,False,False,False,False,False,False,True,False,False,True
2020,5,-0.3278910626312124,46.64026754381344,16.957278633319618,101.75130017244531,0.5139663908071281,-0.10957720028334725,True,False,False,True,False,False,False,False,False,False,False,True
2020,2,0.05261207591138063,76.34282102127709,9.196301709111763,93.61066476714372,0.5155317044462424,1.9988278176538996,False,False,True,True,False,False,False,False,False,False,False,False
2019,11,-1.9490385689179244,20.600718751101642,19.043315994093902,103.73936853882746,0.5323368270095281,0.14337664650128207,False,False,False,False,False,False,False,False,False,False,False,False
2024,12,1.99274280083532,53.07717030963541,6.937453636095038,97.98397379628375,0.8936501109966464,-0.6738160712813385,False,False,True,False,False,False,False,True,False,False,False,True
2017,6,-1.3841234270085299,52.913782297306575,10.200018870974871,105.86774229881068,0.3697943635952468,-1.1006328657939177,False,True,False,False,False,False,True,False,False,False,False,False
2019,3,1.0719029561826579,22.169697371716328,13.121712810916405,105.5941160476682,0.7033418683777327,0.7422492039950045,True,False,False,False,False,False,False,False,True,False,False,True
2020,9,0.19697930459260035,60.49264709688117,10.713947460434182,99.83336479075321,0.5573660771180433,-2.183235481953956,False,False,False,False,True,False,False,False,False,False,False,False
2022,10,1.2710718708601423,38.37505427886133,13.404633028919559,93.42631899068832,0.5515757106966999,0.14313323762451868,False,False,False,True,False,False,False,False,False,False,False,True
2021,3,0.5181848827845018,34.02433445066661,14.88727779756216,113.16624050203151,0.6045182049573083,0.45712859041199905,True,False,False,False,False,False,False,True,False,False,False,False
2020,12,0.019650095136569568,61.51173813116648,12.545017640492988,87.69971319593472,0.23548666005854468,0.9361720668113871,False,False,True,True,False,False,False,False,False,False,False,True
2025,12,0.6115793650208063,49.10895903990986,9.62576621519322,88.46226590313104,0.43823230873240376,-0.26763633107926194,False,False,True,False,False,False,False,False,False,False,True,False
2018,1,-0.5344706217126008,75.85116135407448,14.727296002529208,115.54096103055709,0.5143087741500852,-0.13817973987289622,False,False,True,False,False,False,False,False,False,False,False,True
2020,3,-0.7191868959629409,47.1404379561206,11.891864930142924,107.8167657511342,0.4813503414058465,0.7204379830848138,True,False,False,False,False,False,False,True,False,True,False,False
2025,11,1.6096310570316332,49.02937107635334,11.287551336527441,102.28563557384958,0.6256757060954607,2.4205551310087463,False,False,False,False,True,False,False,False,False,False,True,False
2021,1,-0.5477636283468732,72.34556055112157,13.081216391488098,101.9843056152106,0.4442897983067461,0.08248683925289688,False,False,True,False,False,False,False,False,False,False,True,False
2019,2,-0.9633320704695443,49.10749207569895,13.94377430102361,103.00980441048837,0.5935620545774596,1.4041283796080901,False,False,True,False,False,False,False,False,True,True,False,False
2019,11,-0.29415243484556425,29.0585120553968,8.05988672305125,114.79138269793145,0.7242265232900738,-0.6247210006134956,False,False,False,False,True,False,False,False,False,False,False,True
2019,3,1.2328036892688596,65.53984210078883,9.301507039419246,105.34348533744426,0.7283530768323205,-0.2976294200631005,True,False,False,True,False,False,False,False,False,False,False,False
2018,10,-0.7570295658504664,54.777101191615884,12.78865023245358,98.28711182098203,0.7987840188761621,1.045547467252617,False,False,False,False,False,False,False,False,True,False,False,False
2023,5,-1.1094210304392413,65.42102029940483,18.820835937232676,97.36629024499021,0.6413512343098651,0.5833329633576567,True,False,False,False,True,False,False,False,False,False,True,False
2018,11,0.1297823224618433,45.754442286935245,7.0211231505521425,107.34689709623805,0.5492170721180777,-0.2593805613484587,False,False,False,False,False,False,False,False,False,True,False,False
2021,2,1.0730092859616567,27.059209012875804,9.401376708009845,112.37389925824627,0.9718042910656786,0.32926358440985865,False,False,True,True,False,False,False,False,False,False,True,False
2017,5,-1.1710899857034065,58.18495584115968,13.061986556369138,101.41028653752875,0.6781896749330296,1.335362579090148,True,False,False,False,True,False,False,False,False,False,False,True
2017,10,-1.5584172797168765,66.93236694383758,14.862550614636023,103.29471419124737,0.5559191967973143,-0.3659696437322058,False,False,False,False,False,True,False,False,False,False,False,True
2021,10,0.2654240456396075,38.88850094353187,16.235033203464354,90.72966703354292,0.4134157264859769,-0.07751777776448186,False,False,False,True,False,False,False,False,False,True,False,False
2019,9,-0.7756094792616043,44.068343085290216,12.976723350507045,102.11620192086603,0.363033468146047,-0.31611143451269136,False,False,False,False,False,False,False,False,False,False,True,False
2019,6,-1.7837248880945553,35.57459001869605,6.1741462066798665,100.53152643771199,0.3559465956013566,-0.21916230249965762,False,True,False,False,False,True,False,False,False,False,False,True
2023,6,0.7710362167598054,26.82530211782593,16.00384034500337,98.25807874586808,0.5536163244592853,-0.9950284610955705,False,True,False,False,False,False,True,False,False,True,False,False
2021,10,2.5935480020693076,44.8677149674937,3.5068250119142883,106.90349284788105,0.5340240439936991,2.1844558941257537,False,False,False,False,True,False,False,False,False,False,False,True
2019,6,-0.1467166301285866,52.30696520804303,11.804397831993064,82.66483463989499,0.6945729076325865,0.6889345300871325,False,True,False,False,False,False,False,False,False,True,False,False
2023,7,-0.8306977366017732,56.48275436990363,10.76585029204392,104.77477460895663,0.4073652801233983,-0.7345462902549224,False,True,False,True,False,False,False,False,False,False,False,True
2021,11,-1.0165106219066937,33.098024633600886,9.140943232976959,114.01699288531528,0.6775430443610972,0.6474211672292706,False,False,False,False,False,True,False,False,False,False,False,True
2021,9,0.32179136904849476,42.831476903398496,9.915337955900705,89.04602444888735,0.4595604936475811,2.2640885613139448,False,False,False,False,False,False,False,False,False,True,False,False
2019,11,1.7818962258649262,76.86084108021755,14.172111064192803,87.0717486775518,0.4874099977122444,-0.010504577623915934,False,False,False,False,False,False,True,False,False,True,False,False
2017,7,-1.1452279708867228,30.53205543511759,14.313519350824897,97.18593628249134,0.42688192519834917,-0.006061229208251097,False,True,False,False,False,False,False,False,False,False,False,True
2018,2,-0.7706792596721668,59.93320072859579,12.988213647454486,104.44590272672113,0.4559818911904669,1.7807283731179098,False,False,True,False,False,False,False,False,True,True,False,False
2019,9,-0.2342857023273647,26.697236866320395,9.948083334892768,117.38789069514701,0.38354811405202216,1.351709105372455,False,False,False,False,False,True,False,False,False,False,False,False
2022,12,1.0259321315802274,59.731329468257975,7.957276556636781,109.81470757687512,0.44588136916469795,0.5603661988159344,False,False,True,False,False,False,False,False,False,True,False,False
2023,6,-2.0846057526540664,55.172475642155696,12.280501563624798,108.56781117456165,0.5760816946772931,-0.3357051386995137,False,True,False,False,False,False,False,False,False,False,True,False
2024,1,-0.2011361778416194,72.618791258523,8.375536760814898,87.04145364622545,0.5326156966760464,-1.1165964397754258,False,False,True,True,False,False,False,False,False,False,False,False
2020,5,1.7350739625142755,48.05677043323508,9.60973269708214,108.54395786614499,0.7408337624592034,-0.277953532658498,True,False,False,False,False,False,False,False,False,False,True,False
2023,8,0.5469595150160383,35.988698938736064,19.243613856617632,96.99706800897239,0.4851983344028558,2.0358572812442954,False,True,False,False,False,True,False,False,False,False,False,False
2024,7,1.8873409462559467,72.04630906977525,7.840412188942281,89.68538855014098,0.4550426469859549,-1.9875606327876807,False,True,False,False,False,False,False,False,True,False,False,True
2020,3,0.07822881435683716,42.26380123063743,8.699685925017372,112.73778000751152,0.6024188658370402,0.4495870246333079,True,False,False,False,False,True,False,False,False,False,False,True
2023,6,0.6706143105064207,35.78484495736435,12.132125251930093,96.22701064004171,0.4437381277816038,-0.2415571449506083,False,True,False,False,True,False,False,False,False,False,False,False
2020,4,0.31759489083167675,43.99650785141215,7.219559267945357,89.65153040148243,0.4090064949073186,2.154317740207277,True,False,False,False,False,False,False,True,False,False,False,True
2020,4,-1.1530153819326303,63.106493810842935,10.853291848290008,82.57265021272875,0.6586426582633041,-0.23178748714611774,True,False,False,False,False,False,False,False,False,True,False,False
2021,10,0.9533035516427811,47.86012830103556,7.342035416495994,107.10774844726461,0.2671413015206785,-0.9197624301552701,False,False,False,True,False,False,False,False,False,False,True,False
2018,11,0.38614690099219057,55.64606857230842,14.557888383545652,88.40590092174898,0.6016983996033184,-0.6448433076577283,False,False,False,False,True,False,False,False,False,True,False,False
2022,10,2.133160518003324,50.16684954321742,14.050238219764537,94.64131631253561,0.47016813318805223,-1.5635539288146632,False,False,False,False,False,False,True,False,False,True,False,False
2024,10,-1.4014511477241796,59.99501593611851,7.5680777969312825,88.8363464330676,0.6372993177446277,0.06842354229428835,False,False,False,False,False,False,False,False,True,True,False,False
2023,4,-1.4555569213120896,56.819315353512344,12.664198956279975,92.66280897734856,0.46363404063547076,-1.1391074640692798,True,False,False,False,False,False,False,False,True,True,False,False
2022,8,-0.2380117228798793,31.875800830012093,10.868706531087025,103.23813210119404,0.5349126342109778,-0.744119834113319,False,True,False,False,False,False,False,True,False,False,False,True
2024,1,0.05826438725148733,69.59428079778955,6.159059583914619,92.34826133756982,0.7113159710727343,-1.2190668974550833,False,False,True,False,False,False,False,False,False,True,False,False
2020,2,-1.168634885989372,46.95414249397007,13.305978610684779,93.3731853217759,0.5913934771876875,-1.198926353941103,False,False,True,False,False,True,False,False,False,False,False,True
2024,12,0.36814655519840694,53.66090338972651,9.456020947502864,103.09874941002666,0.9135883483839086,1.305925908632233,False,False,True,False,False,True,False,False,False,True,False,False
2018,2,-0.1565385777150951,62.64175736759546,5.597399551636214,109.96003963038689,0.3849376328094715,0.8745273814123651,False,False,True,True,False,False,False,False,False,False,True,False
2017,12,-0.32774241666676374,57.48979352530683,11.908515829493716,108.90906488930706,0.32292690839039406,0.7375785328332071,False,False,True,False,False,False,False,False,True,False,False,False
2018,4,-1.382761606092826,36.95887332717993,9.125946482279772,92.31434280419539,0.43555977064195084,0.4407416036627621,True,False,False,False,False,False,True,False,False,True,False,False
2025,4,0.7805411094965004,53.35586237489306,17.157985935216804,100.78223200100678,0.5008209700245503,-1.3650288863899045,True,False,False,False,False,False,False,False,False,False,False,True
2022,9,-0.06563068188658654,44.862187269509185,11.407120965237242,98.75920198480902,0.6214644569879504,1.374739965069977,False,False,False,False,False,False,True,False,False,False,False,True
2023,10,2.0518127559389576,37.808795584313884,14.944080166176835,95.53701244743783,0.3691788139306036,0.38369709915070194,False,False,False,False,False,False,True,False,False,True,False,False
2023,12,1.1588008606340119,51.213878498782435,10.745090036324466,99.82419494735808,0.35738468271964685,1.6292830356217987,False,False,True,False,False,False,True,False,False,False,False,True
2020,2,-0.5314569023067949,64.41541514929858,12.195455622093931,96.45202918314985,0.8397982709084902,-3.700091559090642,False,False,True,True,False,False,False,False,False,True,False,False
2025,7,0.11676008787256639,48.46646408056788,11.23155429990604,105.59967081388407,0.5580063890140323,-1.302063986153336,False,True,False,False,False,True,False,False,False,True,False,False
2018,12,1.1883499206053487,48.173833143336296,13.267137829116256,108.61676450693136,0.4952375076282263,0.753413441171479,False,False,True,False,False,True,False,False,False,False,False,True
2021,7,1.4393357712113763,37.75214244911961,14.91442885274946,89.60656004992919,0.6787463296321243,-0.32869680730441203,False,True,False,True,False,False,False,False,False,False,True,False
2022,6,-0.19316067693862857,43.23564760219824,11.9422591248597,96.89067290202095,0.5872054058271566,-0.6388192209670263,False,True,False,False,False,False,False,False,True,True,False,False
2024,7,1.9893595585816115,24.611589896425873,8.32072733137961,80.1646194674906,0.5703703584928124,-0.3938264187449053,False,True,False,False,False,False,False,False,True,False,False,True
2020,11,0.2691857888276577,34.74860637742209,14.082850020103885,104.60701309401867,0.656417349124624,0.3311124224504418,False,False,False,False,False,False,False,True,False,False,False,True
2024,2,-1.085235291142143,39.600436591993635,11.04597638215467,105.36083273389727,0.4678561903044947,1.0095237198595437,False,False,True,True,False,False,False,False,False,False,False,True
2020,5,2.564513318292758,27.155618540082948,12.51371909282461,99.41332200799816,0.5805379213919686,1.9302257449578126,True,False,False,False,False,True,False,False,False,False,False,False
2018,6,-0.02642995474069754,27.587670401755,12.752910318420374,100.00273511262618,0.60172498684674,2.056203139775511,False,True,False,False,False,False,True,False,False,False,False,True
2021,11,1.486150645860495,100.0,0.0,98.74931656818812,0.5897755708444443,-0.32744121675063403,False,False,False,True,False,False,False,False,False,True,False,False
2021,7,0.07416617660602177,49.32863538146307,11.87994312430236,98.28391618679893,0.6039265842011147,1.569796340625739,False,True,False,False,False,False,True,False,False,True,False,False
2019,3,-0.6459651318937749,39.27288607275679,13.891690271554928,102.67290106386831,0.09434497197242259,-1.1008542015399994,True,False,False,True,False,False,False,False,False,False,True,False
2020,8,0.7771284592755282,61.45001168576734,12.093596707954497,92.68358725791177,0.5253697949179829,1.4428916925146216,False,True,False,False,False,False,False,False,False,True,False,False
2021,4,0.44742071120237864,43.06131729069373,15.954616940122538,107.02583470573157,0.628330360836709,0.2141206786681254,True,False,False,True,False,False,False,False,False,False,True,False
2019,4,-0.26902583122665236,31.076374064033022,12.34270476822099,95.43845008705169,0.39887146020201625,-0.21296980325866172,True,False,False,False,False,False,False,False,True,False,False,True
2018,5,-0.09549807330964437,56.678190653705286,5.930273491829028,100.07606472732255,0.497149770376441,0.3725030898738332,True,False,False,False,True,False,False,False,False,True,False,False
2019,8,-0.2874711320558362,48.00805320589011,10.644417977452346,104.2334224593855,0.1767032659317781,-0.10779913535364292,False,True,False,False,False,True,False,False,False,True,False,False
2018,10,-0.3484860780268965,50.336108614836306,15.742269205419566,101.73708601487432,0.599381618540977,-0.2895751538800803,False,False,False,True,False,False,False,False,False,True,False,False
2024,12,0.9006470828554398,43.60602690983324,14.178759899332661,107.58982348651975,0.5745739208713175,0.7615002221739411,False,False,True,False,False,False,True,False,False,False,True,False
2024,12,1.075635401278862,41.382995744669934,5.652192622861409,101.7613327656973,0.5184201804070097,-0.5969310688011311,False,False,True,False,False,False,True,False,False,False,False,True
2020,10,-1.398391910690002,39.26039112911637,9.060887847354063,89.89249136092894,0.31626563574701894,-1.7540702517567133,False,False,False,False,False,False,False,False,True,True,False,False
2021,8,1.7073620136715535,52.5594417557689,10.473985006798653,96.1217808246401,0.5306379540770283,0.5722871836498988,False,True,False,False,False,True,False,False,False,False,False,True
2020,12,0.9646793941636173,58.642920340152386,17.685446713738767,116.21314048142527,0.6442848003046622,1.4350800180007035,False,False,True,False,False,False,True,False,False,True,False,False
2021,4,-0.24067027863572127,70.04577106147883,8.35721848877643,112.14615285630236,0.39049474538087847,1.2496620356598749,True,False,False,False,False,False,False,False,False,False,False,True
2020,2,-0.9933271267246865,49.3275667350469,4.1108319004642055,110.02286855326331,0.4275921109285198,0.6492391555704942,False,False,True,False,False,False,True,False,False,False,True,False
2020,11,0.3149672871517889,99.40781162552221,12.909641951274018,93.22562990522488,0.5222679655190836,0.14931185214190373,False,False,False,True,False,False,False,False,False,False,False,True
2023,11,0.9272505073458861,62.567800233022055,8.614461914982918,109.53519875343076,0.779459849508699,0.08733681890629923,False,False,False,False,False,False,False,True,False,True,False,False
2022,9,-0.02170845988770261,46.96639865829411,10.4121190303722,104.65424354727698,0.4914778329293812,0.2630233215655902,False,False,False,True,False,False,False,False,False,False,False,True
2023,2,1.255577365919383,56.814549586097094,10.74312156219793,96.53451717181257,0.2966160843512461,-0.246079735826514,False,False,True,False,False,True,False,False,False,True,False,False
2023,3,-0.48711581039762725,40.22757376221087,10.053202659004544,98.25093586842564,0.7740473798498921,0.4430848113194526,True,False,False,True,False,False,False,False,False,False,False,False
2019,6,0.601103944020014,26.746228695720696,16.481425274034972,99.09246845303605,0.39738878726000904,0.17754119854703979,False,True,False,False,False,False,False,False,True,False,False,False
2020,3,-0.16112351745637007,67.74658112822104,15.072592004521685,93.91269216153987,0.5912213321880592,0.8282193996856262,True,False,False,True,False,False,False,False,False,False,False,True
2025,5,0.5438072479179061,68.84628370786453,15.813895415513883,120.35813418201678,0.247292929678673,0.23207341165914078,True,False,False,False,True,False,False,False,False,False,True,False
2017,5,-0.25450105340661505,76.63547048548571,8.487431727415624,99.54648682055382,0.538690466418164,-0.8053893208917831,True,False,False,False,False,False,False,False,False,True,False,False
2021,5,0.35375047837249485,49.27142766801094,14.678461881576464,104.87983557098441,0.3518188590683167,-1.5152605079180672,True,False,False,False,False,False,False,False,True,False,False,False
2023,8,0.38301315045168366,55.883856156067225,14.685985304861255,91.11032057598014,0.47914510678554245,0.4194865854634887,False,True,False,False,False,False,False,False,False,False,False,True
2021,7,-1.1799716816126755,49.66590082048302,14.908909976998135,95.71728868105367,0.8897969593390546,1.2831591063542616,False,True,False,False,False,False,False,True,False,False,False,False
2019,1,-0.6921540716928671,36.325064357468705,11.000875616693655,106.96848467291784,0.7277150249343289,0.9375745293875763,False,False,True,False,False,False,False,True,False,False,False,False
2022,12,-0.3139424547478518,43.894885185208544,13.266045841055327,91.60723206130372,0.7171437009813573,2.0548929211131277,False,False,True,False,False,False,False,False,False,True,False,False
2021,10,0.19593206444396905,59.717912262297595,12.708510813359247,110.41594147792897,0.7934795370379755,-0.17597415806947792,False,False,False,False,False,True,False,False,False,True,False,False
2020,9,-0.546448057547991,68.22506028622915,13.568819369965276,111.58276176144224,0.7992392244387181,0.43505628776140703,False,False,False,False,False,False,False,False,False,False,False,True
2023,9,-0.9569443489891034,28.59944832500785,9.544901964735633,99.68112213511782,0.49565045265749774,1.1197653482522973,False,False,False,False,False,False,False,False,True,True,False,False
2024,6,1.5466114107635742,42.599217972001846,17.45443987419755,113.83341220191514,0.38534262600420255,0.11233773622650821,False,True,False,True,False,False,False,False,False,True,False,False
2021,9,-1.3354568503598725,75.78110239623666,10.744291574318568,105.23862762526332,0.5852791203880491,0.21615680460127337,False,False,False,False,True,False,False,False,False,False,False,False
2025,5,0.2236149064397072,71.69472346900879,8.046332712619655,94.85326638700103,0.3571739165449488,-0.22294483627911554,True,False,False,False,False,False,False,True,False,False,False,True
2024,9,-0.6857066210729733,59.32326140689814,6.541551220530667,105.15382339634282,0.3091418587579847,2.342883558076062,False,False,False,False,True,False,False,False,False,False,False,False
2022,6,-1.2040169138360592,50.78549484785204,10.328755785892996,98.61467038134047,0.5014396063470287,2.172428364524554,False,True,False,False,True,False,False,False,False,True,False,False
2022,11,-0.2026489933002083,70.68330049409316,11.940535934463165,99.54577378289005,0.6853928617276153,-0.8558783527822338,False,False,False,False,True,False,False,False,False,False,True,False
2025,1,-1.061192189335421,41.151695889533,12.295741182920278,96.87091799384274,0.6585344268338094,0.24717772903348778,False,False,True,False,False,True,False,False,False,False,False,True
2022,12,-0.6746482181823238,67.55745640140132,18.069936611880834,90.371906926344,0.6793749278804763,0.7778926289381731,False,False,True,False,False,True,False,False,False,False,False,True
2022,5,-1.2926348019978913,31.4648962877756,13.14110516469578,100.50362348172816,0.48121364961899504,-0.3450547031533927,True,False,False,False,False,False,False,False,True,True,False,False
2022,7,0.6067331774117265,29.347834985892973,7.513112679262068,98.5042183718357,0.7388347665102875,0.2351866222914129,False,True,False,True,False,False,False,False,False,False,True,False
2023,1,-0.5081209924156869,59.532656667804986,13.043375573870978,94.99720466751432,0.6524856559723327,1.2140503406380856,False,False,True,False,False,False,False,False,True,True,False,False
2018,10,-0.3949972712981747,88.27449909935184,7.4593061156125815,108.76141957128308,0.6683284944876589,0.7066509835397154,False,False,False,False,False,False,False,False,True,False,True,False
2021,8,-1.1677519175984197,22.055876782515185,13.567713675801492,102.14289427734275,0.6423633385465646,-0.4471904354070139,False,True,False,False,False,False,False,False,True,True,False,False
2022,8,-1.3815791735290779,37.70856535102554,7.143576633173924,96.1384438591149,0.7117101953456266,0.991323082496371,False,True,False,True,False,False,False,False,False,True,False,False
2019,2,-1.426693421297779,53.59488044838438,8.980322400210639,97.9447105797554,0.7134791375501272,-0.22779927366315994,False,False,True,True,False,False,False,False,False,False,False,True
2024,12,-1.0863205578814785,44.7479483903805,11.701717450431513,93.89221033831457,0.5078160121126154,-0.06693689798839145,False,False,True,True,False,False,False,False,False,False,False,False
2017,10,-1.8717014863994363,40.437778260242695,18.21942988011569,93.22912106053137,0.41472079686764607,-1.5061397682327318,False,False,False,True,False,False,False,False,False,False,True,False
2017,11,-0.5603514924222011,76.67024115210931,7.623307847764773,101.01260641820136,0.685569891084688,0.006191976442666506,False,False,False,False,False,False,False,True,False,True,False,False
2022,4,-1.7219512695466006,69.1588933581807,13.032137075349404,93.98077567549183,0.2739714493386646,-0.24877979094801292,True,False,False,True,False,False,False,False,False,True,False,False
2019,3,0.47828070073017764,60.26747604302967,10.284806743340457,99.21271133286169,0.8426204941174859,-0.05835936047652984,True,False,False,True,False,False,False,False,False,False,False,False
2019,8,0.3234740834923381,47.06772209865096,14.850811844624957,102.39446172962654,0.5764193114973135,0.5246381201649862,False,True,False,False,False,True,False,False,False,False,False,True
2019,2,-0.9856561689666805,67.28873868352088,4.182001822777882,98.67657611676333,0.22601939292442935,-0.6947325876723991,False,False,True,False,False,False,False,False,True,False,False,True
2024,5,1.3509909387784689,58.73528911050684,8.703111104477394,110.96446817123758,0.6832493753484792,-0.667797254265687,True,False,False,False,False,False,False,False,False,True,False,False
2025,4,-0.15829917344972547,58.85964619995311,3.993104781728885,109.56121843769343,0.6746535713546861,0.7288369221167973,True,False,False,True,False,False,False,False,False,False,False,True
2019,4,-1.1838678626399737,60.00568321375479,5.765412097175604,105.96691599826745,0.1693685680372386,0.029525586982039678,True,False,False,True,False,False,False,False,False,False,True,False
2017,9,-2.3174282502075,45.13659125112213,15.27740160616788,112.28424918875174,0.6614894155754479,0.3643450819935937,False,False,False,False,True,False,False,False,False,True,False,False
2019,12,-0.7983347787388269,45.41763668510154,18.131224554434375,94.93159331590887,0.5224025694298011,1.3303217188263794,False,False,True,False,False,False,False,False,False,False,False,True
2020,10,-0.4252851971981094,69.43202550519729,10.684370360564609,112.551547938795,0.6321909429166404,0.4665521154873495,False,False,False,False,False,False,False,True,False,False,False,True
2019,1,-0.7189470318695635,60.72427836559995,13.232056794573742,106.71261709171523,0.6119029649025083,0.8694098577660546,False,False,True,False,False,False,False,False,False,False,False,True
2024,3,1.9947464184091128,61.60537836648153,13.182600445317142,93.94934063445089,0.40783036025230196,1.2473448771190034,True,False,False,False,False,False,False,True,False,True,False,False
2018,4,0.19877067748871843,33.36111416143234,9.746304946904823,106.40857193653856,0.5411752273962083,-1.1799539281165214,True,False,False,True,False,False,False,False,False,False,False,True
2017,6,-1.8470895859203031,56.91276269449504,18.185317511276025,94.44807079076502,0.31017214776823976,1.781925864365022,False,True,False,False,False,False,True,False,False,True,False,False
2025,10,-0.03465635141297929,43.84665508715722,12.52249749269372,101.50497794884657,0.5933800533546416,1.1477734005974183,False,False,False,True,False,False,False,False,False,False,False,False
2022,8,-1.0439156413224373,53.95620473510991,17.38436500431258,89.05540409796112,0.7462280142796638,0.7035974159716445,False,True,False,True,False,False,False,False,False,True,False,False
2020,4,-0.7325040553239491,59.44096918285076,11.684458472471382,110.49497773943051,0.4230406913126508,-0.07571506577828939,True,False,False,True,False,False,False,False,False,False,False,False
2022,11,-0.4032953129206253,49.76331619440558,15.131441127723772,94.39412335613898,0.7325251925681278,1.7247093557298234,False,False,False,False,False,False,False,True,False,False,False,False
2023,6,-0.7655879132883234,40.471489533165055,8.392697928124115,107.58623499374961,0.9137623600829763,-2.164083689587723,False,True,False,False,False,False,False,False,False,False,True,False
2022,3,-0.9925328074971896,48.64012736394237,3.6155167969431554,115.66157873877789,0.2963714084029722,1.1630552371530958,True,False,False,False,False,False,False,False,True,False,False,True
2022,1,-1.2793900879214963,50.39951270714349,10.860213116293712,97.99660753249871,0.7186323740873639,-0.5062399623418663,False,False,True,True,False,False,False,False,False,False,False,True
2024,4,0.24424174323057224,47.68629758905859,13.403926642307752,108.71067155558677,0.3758968964420284,-1.4387047974539917,True,False,False,True,False,False,False,False,False,True,False,False
2023,4,1.2521054245085916,42.926315605262275,17.876096194172984,93.98690561739113,0.6489765972083614,-0.48038789405427934,True,False,False,False,False,True,False,False,False,True,False,False
2019,5,-0.0057675461827832435,66.48151433544459,21.25278017068476,88.89690155907503,0.4444269779173354,1.171247065225061,True,False,False,False,False,False,False,True,False,True,False,False
2019,3,0.43881652336169663,33.528464703660106,3.3212668474149076,96.64307615464796,0.1807678979115353,0.2646190067284926,True,False,False,True,False,False,False,False,False,False,False,True
2021,4,0.1024228107189117,54.955816334839724,13.004903836525791,112.98443390946842,0.8823824661342539,1.0081028602641444,True,False,False,False,False,False,False,False,True,True,False,False
2021,10,-0.2424967920780333,30.40006151815622,11.70320889084592,88.55083364065212,0.2662113991118571,0.1820970961865688,False,False,False,False,False,False,True,False,False,False,False,False
2024,1,-1.154148935586928,35.16543055429318,4.757001929155376,92.80906860429657,0.5947316998312793,0.03271691129624232,False,False,True,True,False,False,False,False,False,True,False,False
2019,4,1.2421386186275805,39.910307732157605,4.944589592606905,102.07967203320293,0.5898979167236906,-0.34246810901656316,True,False,False,False,True,False,False,False,False,False,True,False
2017,5,-0.12318029575890527,41.65961163916056,10.897926572328917,117.81125519178498,0.5908762888081948,0.534178492770258,True,False,False,False,True,False,False,False,False,False,True,False
2019,9,0.17461184750120493,61.12049796396357,13.188375108184564,97.30187631447366,0.4270092233207713,0.49154425909494237,False,False,False,False,True,False,False,False,False,False,True,False
2020,9,0.6498779734925669,49.52991338516847,7.142414540300898,93.97799927806533,0.3878247934197441,1.9213967562969676,False,False,False,False,False,False,False,False,False,False,False,True
2023,4,-0.28916439841061226,59.07124855909699,4.695259647990382,109.81333581309393,0.669179439372904,0.00860047106251455,True,False,False,False,False,False,True,False,False,True,False,False
2021,12,0.9263767478332465,76.94141968478554,12.631393311403311,100.84029660822273,0.5466589623529755,-0.9453806240931127,False,False,True,False,False,True,False,False,False,False,False,False
2022,12,1.290891452639408,53.06251801178785,11.05434980306063,106.254036780036,0.140548470923685,-0.6099903611811885,False,False,True,False,False,True,False,False,False,False,False,False
2020,3,-0.40925030661018263,52.001196223562346,11.02552495730705,101.47764396006164,0.565395861140996,0.6065438360128927,True,False,False,False,False,False,False,True,False,False,True,False
2022,8,0.8645851955276563,54.55646113275787,13.638060180118107,95.38892366878608,0.4712833187600629,-1.2319473555095177,False,True,False,True,False,False,False,False,False,False,False,False
2019,12,-0.14007544122496063,43.69613153449647,7.058910734928569,113.42663080369562,0.08450986412186617,0.4560386468987366,False,False,True,False,False,False,True,False,False,False,False,False
2019,4,0.24113969200002205,65.04495350676088,14.719938708092462,98.8130001472779,0.7062999071194418,-0.3568261282178774,True,False,False,False,False,True,False,False,False,False,False,True
2017,12,-0.0505570358546391,65.88221700699192,11.617981116349782,86.9334970698234,0.7692976995155014,0.7869261855643823,False,False,True,False,True,False,False,False,False,False,False,False
2024,10,-0.2640044922677962,34.82634155659706,16.65615198509634,97.25014889153464,0.6798273985023315,-0.003659189502331053,False,False,False,False,False,False,True,False,False,False,False,False
2024,11,-1.5829554197222364,52.0486177623712,17.01493346733165,84.14123028944596,0.8516028883450574,0.008306992701303577,False,False,False,False,True,False,False,False,False,False,False,False
2025,4,-0.05593699406042271,66.7494898424241,10.409565220598996,107.34228275916585,0.8465534596895467,0.48216574824965835,True,False,False,False,False,False,False,False,True,False,False,True
2025,7,0.8070971156549623,47.09468687525565,11.761118456913005,107.79227255111789,0.40058958169034464,1.3916837734001126,False,True,False,False,True,False,False,False,False,False,False,False
2022,3,-0.7360079001897717,61.364567442736146,10.370497572072148,94.51678193314163,0.43045595227793987,0.14064349206176574,True,False,False,False,False,False,False,True,False,False,False,True
2022,10,2.239502879643737,59.533039864010156,6.020941229860755,96.71645287199237,0.6431671888507325,-0.5539610702342861,False,False,False,False,False,False,False,False,False,False,False,True
2019,1,-0.1417791462003969,41.9365743034193,14.787422297634636,108.8396901991866,0.607878884984683,0.8394003959799484,False,False,True,False,False,True,False,False,False,False,False,True
2019,8,-1.708087705413325,64.93648747495297,17.101333080359158,98.04703905213368,0.7526598796742054,0.5510653511962992,False,True,False,False,False,False,True,False,False,False,False,False
2018,5,0.45520272463714184,60.09481136246716,15.409486166798892,109.40628820060203,0.4936361240229789,0.4870889133375232,True,False,False,False,False,True,False,False,False,True,False,False
2020,10,1.4618408593935994,68.59560360603686,10.87890261195862,110.90118194405795,0.253470373645424,0.3543481150820647,False,False,False,False,True,False,False,False,False,False,False,True
2019,6,-1.0816997176829206,60.35369715303285,11.507367145386759,112.50934939489244,0.5764446575066589,-0.7954561667344151,False,True,False,False,False,False,True,False,False,False,False,False
2017,12,0.042381228696125636,73.2855050999371,7.2844744577431655,101.8283066672913,0.7680863581829518,1.0623168217868415,False,False,True,False,False,True,False,False,False,False,False,False
2020,9,-0.375395066920231,52.905641992027356,12.684530849543963,97.83541499880906,0.5907805599279482,-0.3603393634785457,False,False,False,False,False,False,True,False,False,False,True,False
2021,6,0.718621625391053,70.5619484114576,10.021011177485958,99.54856456642928,0.2918042381786392,-1.2278674758694206,False,True,False,False,False,False,False,False,True,False,False,True
2022,11,-0.12623700727326478,51.97935951993858,11.732545823893025,103.69726255767141,0.710181885383836,-0.459607255470422,False,False,False,False,False,False,False,True,False,False,False,False
2018,6,-0.7691302177438546,57.0338247776158,12.558928223340684,96.25415110615107,0.3812209283174941,-0.41323031639424485,False,True,False,True,False,False,False,False,False,False,False,True
2018,4,0.16874759522818958,49.213313502567495,16.758884345964066,96.02966481692975,0.7758140459727932,-1.8572185076279,True,False,False,False,False,False,True,False,False,False,False,True
2024,10,-1.449241480651316,61.38575848283314,5.062930153895987,102.21455162953784,0.4310013309591304,0.02554020839024015,False,False,False,False,False,False,True,False,False,True,False,False
2022,12,-0.40485633234184776,44.447314840698944,8.199613576605497,94.38544133432904,0.5036189491541705,0.9064761001766741,False,False,True,False,False,False,False,False,False,False,False,True
2025,11,-0.6228208365228246,16.34437502177481,13.639781542658028,106.974468097929,0.6565973992448936,-1.0254625750431887,False,False,False,False,False,False,True,False,False,False,True,False
2021,8,-0.10271394667489854,38.714977437997725,7.336847285912638,97.34572115520017,0.6807453131716307,-0.22883617650444932,False,True,False,False,False,False,False,True,False,True,False,False
2020,12,-1.3447447463164128,38.70429891210165,6.134550052621942,110.417314184367,0.6376474793968011,-0.06634661085754201,False,False,True,False,False,False,False,False,True,True,False,False
2020,10,-0.14566107319743485,51.64920338221441,14.576557361642573,88.45436555931161,0.705973909751554,2.969072190474402,False,False,False,False,False,False,True,False,False,False,False,False
2021,1,-0.19110620977990994,39.648426379218,15.559414816769927,105.35691808183485,0.4208050943992223,-1.029639443148255,False,False,True,False,False,False,False,True,False,False,False,True
2022,2,0.23627077058901358,42.134349995930236,11.252689443226533,97.58539057720651,0.7527182295425827,1.6192615615242674,False,False,True,True,False,False,False,False,False,False,True,False
2020,12,1.7230898947725095,50.68336731670393,12.11997646808793,103.53638147468249,0.43195273626406583,0.3361542899606471,False,False,True,False,False,False,False,True,False,True,False,False
2018,11,-0.45123088890642726,28.320575776533047,16.214211729744388,95.51498481370692,0.34095885095571177,0.44494214206569804,False,False,False,False,False,True,False,False,False,False,False,True
2019,7,-1.2670884031299756,30.60374587976315,15.075482183797547,97.00868053716631,0.5065039346932902,0.41903894970582023,False,True,False,True,False,False,False,False,False,True,False,False
2022,3,-0.17218516129512423,56.077627102888265,10.42200983827285,102.17298336703118,0.5936098579957381,-0.33759347044813187,True,False,False,False,True,False,False,False,False,False,False,True
2019,5,0.1376246052072956,53.31779728011751,9.039161659722552,100.29708812301573,0.49826301491908714,-1.0723197145189576,True,False,False,False,False,False,False,False,False,False,True,False
2019,12,-0.45385985835418646,44.713241716693446,12.994139148349479,92.36270119060849,0.5198936780326732,-0.4745844736148692,False,False,True,False,False,False,False,False,False,True,False,False
2021,9,-0.08795905098117711,92.0669373910412,9.88772370918065,103.04651611489176,0.6290166151840646,-2.0564532699766427,False,False,False,False,False,False,False,False,False,True,False,False
2019,4,0.4134732931055044,63.9042562695593,7.675059802775795,113.4320995831762,0.44338585367257904,1.036770787041004,True,False,False,False,False,False,False,False,False,False,False,True
2018,9,0.7656955258921091,35.378263867270206,8.784124406813188,115.05849191756461,0.8605059295662223,0.6802960760798054,False,False,False,False,False,False,False,True,False,False,False,True
2023,7,0.6207548206407568,68.83111565729963,11.653876825192553,86.00753261382728,0.427763362871585,0.4938605738357284,False,True,False,False,False,False,False,False,False,True,False,False
2018,12,0.6850489636505139,67.66192629403,11.55512089910966,109.24421032839606,0.5768097024482929,-0.8575323892383291,False,False,True,False,False,False,True,False,False,True,False,False
2023,6,-0.9199801110736965,29.71500471145402,16.401107997814595,88.37522855144185,0.5241998976299959,0.8389195543048392,False,True,False,False,False,False,False,False,False,False,False,True
2021,4,0.07609447892251621,56.850197896733896,8.899235989032515,95.35061125060525,0.5202325826842032,-0.2137755605448221,True,False,False,False,True,False,False,False,False,False,False,True
2017,7,1.610900936414377,43.82672457563717,7.760993813742907,93.60979025149582,0.24127011949084837,-0.8248960980066457,False,True,False,False,False,False,True,False,False,False,False,False
2020,3,-0.1812198263054794,69.1953202350675,13.070558869517207,92.74315249837791,0.6915967605974166,0.15762532597364812,True,False,False,True,False,False,False,False,False,False,False,True
2025,11,-0.37138664118742654,54.39981307528262,13.73797913089322,87.17834939295756,0.554413045516917,-1.0599521662771993,False,False,False,False,False,True,False,False,False,False,False,False
2025,6,0.7360561337383746,66.35249050535992,9.58076612154607,106.41207633386647,0.4947130992163758,-0.6556821299075588,False,True,False,False,False,False,False,True,False,True,False,False
2021,5,-1.3698434652121445,52.90761191615764,16.766177803763362,88.4260902960533,0.41091846299682744,-1.6610402580376213,True,False,False,False,False,False,True,False,False,False,False,True
2024,8,1.0837307806073746,55.52130062871308,0.8530672866826166,96.18240904181827,0.6640394306986585,-0.6054869852169364,False,True,False,True,False,False,False,False,False,False,False,False
